id,category,checksum,created_at,date,human,m,platform_version,region,updated_at,y
555,2,186c07ec-0d93-dc0f-6c4a-5fdb5a6138fa,,567907200,1987,12,,8,,1987
338,0,15e5b0aa-5bb6-ef30-ee85-0ef94cb3581f,,1189555200,"Sep 12, 2007",9,,3,,2007
334,0,a4c921d5-1894-9a40-d20f-05959cd69a38,,1125532800,"Sep 01, 2005",9,,7,,2005
331,0,3ebb8dc8-b8fa-f11a-b729-228b9dac35c4,,1415923200,"Nov 14, 2014",11,,3,,2014
333,0,a15ecea5-cb71-916f-5bec-66ad7f571b19,,1389830400,"Jan 16, 2014",1,,7,,2014
325,0,97e6008d-68e6-7814-876f-b4a233f94a78,,1426809600,"Mar 20, 2015",3,,6,,2015
340,0,1d0832a1-ad08-0577-d487-3494aa638b71,,1223942400,"Oct 14, 2008",10,,2,,2008
184,0,c1b73cf7-bdcc-45c7-20be-b070a4f86ec2,,604627200,"Feb 28, 1989",2,,5,,1989
181,0,47304121-9cbd-7d8b-4a5e-6782f002fc23,,1478822400,"Nov 11, 2016",11,,1,,2016
178,2,d7f272ca-9a99-1dc2-cdba-128419cdd82c,,567907200,1987,12,,1,,1987
168,0,f2d21089-a9bf-6942-eabd-0c1db845af36,,1438128000,"Jul 29, 2015",7,,8,,2015
171,2,dfca6ccb-d617-4a9b-5cff-f5776eab1bdc,,157680000,1974,12,,1,,1974
162,0,6ea0c664-f6fa-53ee-bf46-60a8d7bcdfd6,,1348531200,"Sep 25, 2012",9,,2,,2012
153,0,9748bc5b-fc77-68a3-090d-5e379fbadf4f,,1114732800,"Apr 29, 2005",4,,8,,2005
151,0,6ba81878-91df-beda-39e2-1c2460920735,,1030060800,"Aug 23, 2002",8,,1,,2002
149,0,684819c5-9936-bb97-4e9a-168f667c52b8,,1276732800,"Jun 17, 2010",6,,2,,2010
145,0,8703237d-e994-b479-8dc2-40ba771cb0e5,,620352000,"Aug 29, 1989",8,,2,,1989
143,0,6f39352f-4dbb-e454-8e29-30453be24459,,1085529600,"May 26, 2004",5,,8,,2004
141,0,8443ee7a-840d-e835-5192-85a7fdb86aa2,,920505600,"Mar 04, 1999",3,,5,,1999
137,2,17fedcba-0081-2ab7-6d17-938ffa687b18,,283910400,1978,12,,5,,1978
140,0,97a8720d-be3c-0dc8-e12f-7f65cdb38091,,1026432000,"Jul 12, 2002",7,,5,,2002
138,0,caa54a19-a3ef-ae89-29bd-068799f87824,,424569600,"Jun 16, 1983",6,,5,,1983
136,2,2cc18430-bfd9-6c3b-ff2e-1d897a5bd942,,283910400,1978,12,,1,,1978
135,0,41e520ec-90d8-37b6-6ef8-a4eb77217269,,234748800,"Jun 10, 1977",6,,2,,1977
133,0,579dbebf-18f6-ae71-3af5-1788c187b0ec,,857174400,"Mar 01, 1997",3,,1,,1997
131,2,9c57cc00-e531-5bcf-2bb1-aae536b43e96,,410140800,1982,12,,8,,1982
126,0,0698b7fa-5f3b-8187-87ac-bd2d4f2a913a,,952128000,"Mar 04, 2000",3,,5,,2000
129,0,41c61242-7b22-a574-14a4-aab1c7e26647,,975542400,"Nov 30, 2000",11,,3,,2000
121,0,b1fdc317-1198-0dcf-b58b-2a36a22f3eae,,912124800,"Nov 27, 1998",11,,5,,1998
128,0,6e621099-7890-915c-0d21-c23f768f15c1,,975024000,"Nov 24, 2000",11,,1,,2000
118,0,f1557ef8-fa61-d752-fd96-3cbf15b97125,,764121600,"Mar 20, 1994",3,,5,,1994
109,0,01d139e5-5aca-01bb-c002-9bfdb95fcbd2,,1310688000,"Jul 15, 2011",7,,8,,2011
122,0,a3bcdbf0-606a-631e-64e2-c5abab10730f,,936835200,"Sep 09, 1999",9,,2,,1999
108,0,b9a4c539-0b30-6dd7-6c15-b372c1e1e3b3,,1323993600,"Dec 16, 2011",12,,8,,2011
88,0,09f03df0-0d5a-6abe-e9d9-039c4741026e,,912124800,"Nov 27, 1998",11,,3,,1998
81,0,f88f572a-3eb3-a39c-4ed1-88f65b0b762f,,992217600,"Jun 11, 2001",6,,2,,2001
82,0,a53c5a61-d481-7c1d-4883-049e5a41f706,,993168000,"Jun 22, 2001",6,,1,,2001
77,0,84cf6e87-9127-d7b7-25af-7d52bac3886b,,1101945600,"Dec 02, 2004",12,,5,,2004
76,0,d986af51-5a7a-bb14-b307-92612125c726,,1100995200,"Nov 21, 2004",11,,2,,2004
75,0,7a13e0a0-7860-db17-1535-924165340552,,654480000,"Sep 28, 1990",9,,1,,1990
72,0,9e5d6b3f-d5ea-868b-15d8-ec8a5f89255b,,939945600,"Oct 15, 1999",10,,8,,1999
71,0,3fbffdca-d7ac-db6f-bc69-167cb6aac710,,1125532800,"Sep 01, 2005",9,,1,,2005
70,0,adcf660b-5219-99cc-5f5f-3b78a4b90415,,1111622400,"Mar 24, 2005",3,,2,,2005
69,0,a3815bd8-c229-7a1d-41e3-0ef211c4e6cb,,1102809600,"Dec 12, 2004",12,,5,,2004
62,0,50e77d34-77d8-9814-3c67-27847c1b5738,,454204800,"May 24, 1984",5,,2,,1984
60,0,22e50fd4-590d-c68c-d6d7-236ee78b23aa,,812332800,"Sep 29, 1995",9,,1,,1995
58,0,c73cfe15-6f4e-0cae-5ea7-5cde9a6675c6,,786412800,"Dec 03, 1994",12,,5,,1994
55,0,df2561ae-fffd-0d89-27b8-86d7ff46dee5,,1298678400,"Feb 26, 2011",2,,5,,2011
54,0,8a30e089-1e00-79d9-351e-7ec6f8e5b9f9,,1134172800,"Dec 10, 2005",12,,5,,2005
52,0,a22b4858-17a3-cc3e-172d-a31b1f25ddef,,1132617600,"Nov 22, 2005",11,,2,,2005
48,0,62c45e5d-5d43-b81b-9f96-e8667c24eccc,,1000425600,"Sep 14, 2001",9,,5,,2001
46,0,b4606b32-34dc-970b-8412-086ec94c814b,,753840000,"Nov 21, 1993",11,,5,,1993
49,0,08a915b8-cd1f-9778-ce3a-6aaf07d3409e,,1006041600,"Nov 18, 2001",11,,2,,2001
50,0,7530f9a9-cf6b-5b06-3540-a81dea18fde2,,1399075200,"May 03, 2014",5,,1,,2014
42,0,bfd18af7-88f0-44c6-bbc1-639604e4d8df,,1356652800,"Dec 28, 2012",12,,5,,2012
41,0,1567ec62-de0a-08df-6492-6acd046f4a75,,1354233600,"Nov 30, 2012",11,,1,,2012
40,0,44a9dbd4-076f-4901-1e05-e20b8e0dfb19,,1353196800,"Nov 18, 2012",11,,2,,2012
37,0,2a95a0f7-8874-5c3d-7c7d-e22d390a5b1c,,843955200,"Sep 29, 1996",9,,2,,1996
38,0,fc995a92-0409-5125-18be-c5276fc1919c,,857174400,"Mar 01, 1997",3,,5,,1997
35,0,31c5afb4-7647-e54b-8a56-46c023d8444b,,433814400,"Oct 01, 1983",10,,5,,1983
33,0,43d7ca8a-d259-bc15-bb86-acf7b4704d6e,,242784000,"Sep 11, 1977",9,,2,,1977
28,0,8dc7631c-252a-2e48-7a9c-ea64cbcbbc58,,1329868800,"Feb 22, 2012",2,,1,,2012
27,0,c98e32cf-94e1-641b-bfbc-e30cedf2582f,,1329868800,"Feb 22, 2012",2,,2,,2012
26,0,260cc776-4f0e-9b55-3fb7-7e630ea9e931,,1324080000,"Dec 17, 2011",12,,5,,2011
24,0,6288997a-c3fa-525a-6ac5-60843b0bb70e,,735177600,"Apr 19, 1993",4,,3,,1993
23,0,31e44901-4414-a9f9-c81d-fc21bc5c288c,,735177600,"Apr 19, 1993",4,,1,,1993
29,0,b8c25cbb-7556-c96c-df30-8d70ff46e4a5,,1329868800,"Feb 22, 2012",2,,3,,2012
16,0,d4614cb1-ce11-b980-f50a-d07da4b1a7f9,,1353196800,"Nov 18, 2012",11,,8,,2012
196,0,f2841817-48aa-779b-eebc-b8f9789f77e3,,493171200,"Aug 18, 1985",8,,8,,1985
194,2,3b3ee0f6-4ce4-72ff-3c65-d89cac72c7cc,,725760000,1992,12,,1,,1992
13,0,1cf11f53-ea48-91c4-4edf-fa987c1325bf,,1385683200,"Nov 29, 2013",11,,4,,2013
11,0,531645fd-bb06-bd74-73b8-f31a0e0eb2b2,,1385683200,"Nov 29, 2013",11,,1,,2013
10,0,c09dba04-bfb8-a21a-4bf2-012e2d7759e5,,1384473600,"Nov 15, 2013",11,,2,,2013
5,0,499becde-17c2-9ce3-3619-6e657635c93f,,1143072000,"Mar 23, 2006",3,,3,,2006
6,0,e0dd767f-af1f-f9c1-43e3-1c1f55ce57b6,,1351209600,"Oct 26, 2012",10,,8,,2012
3,1,4009b066-27fb-68d5-5b9d-f4ebbc0fd73a,,1162339200,Nov 2006,11,,5,,2006
2,0,e8d503b7-ff48-b5a0-2549-3e1abca5bfed,,1193097600,"Oct 23, 2007",10,,2,,2007
553,2,a0133c28-b0c2-a972-572d-15da38230fc2,,-315705600,1959,12,,2,,1959
542,0,618fe7f5-5a2d-a291-34d9-1b395ba84c72,,780278400,"Sep 23, 1994",9,,5,,1994
345,0,685dc0a8-39f9-ba90-c9c9-33decd6d27ad,,1254355200,"Oct 01, 2009",10,,1,,2009
330,0,a6160745-d759-a7a3-3248-23b536648db0,,1415923200,"Nov 14, 2014",11,,1,,2014
337,0,dc744877-12c6-1264-b29d-4db266ace4f8,,1188950400,"Sep 05, 2007",9,,1,,2007
326,0,e54c87e4-ae8a-618c-1d1e-cbd1fe37e383,,1399334400,"May 06, 2014",5,,2,,2014
323,0,6cb577d0-5a12-b25b-6017-6477ec72aca8,,1329264000,"Feb 15, 2012",2,,2,,2012
329,0,76c3e77b-4947-29ba-8c72-d3c646683587,,1413244800,"Oct 14, 2014",10,,2,,2014
317,0,b09dfbe1-940f-b83a-2c22-c19d50bfd112,,1005868800,"Nov 16, 2001",11,,2,,2001
187,0,0b3cbf5d-217f-934b-abac-58a8cdbb4cda,,672624000,"Apr 26, 1991",4,,1,,1991
186,0,f0acfc37-cbac-e7e2-419d-b2ac1e4d2a7f,,672624000,"Apr 26, 1991",4,,2,,1991
180,0,646c5e79-9265-df14-bcc0-81fc15adbd4a,,1478822400,"Nov 11, 2016",11,,8,,2016
185,0,96237b68-6e0f-24bb-5fac-0374972d7f8c,,655171200,"Oct 06, 1990",10,,5,,1990
179,0,74e1eb73-4e34-d728-df71-44aa2b2989cb,,1020384000,"May 03, 2002",5,,1,,2002
177,0,ce2b7a48-b1c7-39fe-255e-48430d5c156a,,525916800,"Sep 01, 1986",9,,2,,1986
175,6,4bad9f13-97ca-ea9a-94dc-6beeac9b01d5,,252374400,Q4 1977,12,,1,,1977
174,2,279b660a-b602-8bd6-96ed-d6d26eff7e97,,189216000,1975,12,,8,,1975
167,0,890d94dc-8b73-b6b9-447c-fb60e0296772,,1251936000,"Sep 03, 2009",9,,5,,2009
164,0,68c439ee-6c85-ceff-a696-d2fd41842237,,1348704000,"Sep 27, 2012",9,,3,,2012
159,0,2cf62aa9-de26-0f3c-0724-2fe22abe8bf9,,1413417600,"Oct 16, 2014",10,,8,,2014
157,0,d434de86-e57e-0fa8-5a4a-4118f665ffda,,1343174400,"Jul 25, 2012",7,,8,,2012
154,0,2e957cee-b8c7-f1e5-4a74-8c5419e6698e,,1193356800,"Oct 26, 2007",10,,8,,2007
150,0,38165b6f-6417-1535-6dc6-652a4a9c411d,,1001376000,"Sep 25, 2001",9,,8,,2001
142,0,52205e75-2919-5391-8155-eeeb97725a15,,624067200,"Oct 11, 1989",10,,8,,1989
144,0,6d08be91-7896-a25e-38f2-3070dd50da86,,562550400,"Oct 30, 1987",10,,5,,1987
139,0,971dc8df-7e0d-967e-63d0-be3ff2833df3,,1099008000,"Oct 29, 2004",10,,2,,2004
134,1,c7eee619-a6cf-c4ce-218f-5e06a3402639,,560044800,Oct 1987,10,,8,,1987
123,0,947a9218-ba4c-a042-2ed7-94b6083f5924,,939859200,"Oct 14, 1999",10,,1,,1999
124,0,b8656a19-bb84-e145-b388-8f51b9465d35,,943920000,"Nov 30, 1999",11,,3,,1999
119,2,68235dfd-d522-d594-8780-19228a60d52c,,788832000,1994,12,,1,,1994
87,0,18a3e922-539d-3f66-6c4b-93f035e7be1d,,911779200,"Nov 23, 1998",11,,1,,1998
84,0,9ad560fb-9f15-0480-6938-519842907b15,,1066176000,"Oct 15, 2003",10,,2,,2003
83,0,9a735281-3640-dd8b-acb9-d1b39ccbcd3b,,1086652800,"Jun 08, 2004",6,,6,,2004
79,0,e50c2c08-36a4-4000-829f-cc975ad1408a,,1110499200,"Mar 11, 2005",3,,1,,2005
80,0,92f02336-8522-8970-3210-4148be3f1dc1,,985132800,"Mar 21, 2001",3,,5,,2001
78,0,36e9b900-2d14-468b-3935-d8321fbc8525,,1109203200,"Feb 24, 2005",2,,3,,2005
85,0,b9506ec4-6033-c39e-5fb8-afc537b27e56,,908928000,"Oct 21, 1998",10,,5,,1998
73,0,3bab3376-7ef5-d8aa-b2a8-e0a7d53e1bf7,,609120000,"Apr 21, 1989",4,,5,,1989
74,0,55a4edce-5f0f-47ba-a356-1d68b058474c,,617846400,"Jul 31, 1989",7,,2,,1989
67,0,a797a046-bea7-6782-02ba-00b07fbc29e2,,985392000,"Mar 24, 2001",3,,8,,2001
68,0,b09dab55-deae-d19f-2228-3c5bcf200a5f,,916358400,"Jan 15, 1999",1,,8,,1999
57,2,3fafbde6-608a-4f5a-bfd9-965d68067524,,694137600,1991,12,,8,,1991
59,0,015ddc95-63fa-4678-dfe3-64e4b38165a1,,810604800,"Sep 09, 1995",9,,2,,1995
56,1,6e500861-0117-8942-1a4b-55a6a1497a5e,,1298937600,Mar 2011,3,,8,,2011
53,0,8a79c931-2da3-25e0-9120-dda87a7575e7,,1133481600,"Dec 02, 2005",12,,1,,2005
47,6,24ff71d3-65b6-7b16-1b43-270c2d16411e,,757296000,Q4 1993,12,,1,,1993
44,0,99420ef9-e4b1-586b-773b-3482f3896bb6,,456019200,"Jun 14, 1984",6,,2,,1984
39,0,8185e041-44b2-8ec1-26c7-08f71909bc96,,857174400,"Mar 01, 1997",3,,3,,1997
36,0,4113a280-7d2d-a440-0c6f-ac38b802658e,,835488000,"Jun 23, 1996",6,,5,,1996
31,0,51848064-cd5c-946d-1ddb-720d927d33c2,,1014336000,"Feb 22, 2002",2,,5,,2002
32,0,7c664aad-8ce2-2f46-3c75-5d09801a094b,,1013644800,"Feb 14, 2002",2,,1,,2002
30,0,695fb00f-5df4-aeb8-2971-b7ce47cde2ef,,1005782400,"Nov 15, 2001",11,,2,,2001
25,0,a9447850-7540-16d6-de2f-7e981e77be22,,735177600,"Apr 19, 1993",4,,4,,1993
21,0,e4f46fc9-6f80-1836-82c8-1bf4b9b83403,,691545600,"Dec 01, 1991",12,,5,,1991
19,0,abdcc892-673a-bb31-843a-3ce19239223e,,710380800,"Jul 06, 1992",7,,1,,1992
18,0,84b91429-11a2-855c-b3b3-17ba7643ae74,,682905600,"Aug 23, 1991",8,,2,,1991
15,0,432a623c-eba9-b2fe-09ed-1143e340a59f,,1372118400,"Jun 25, 2013",6,,8,,2013
223,0,9d0787d7-82fb-64ad-8127-a146726f96f0,,1510012800,"Nov 07, 2017",11,,8,,2017
207,0,57625dd1-1e1d-42fc-1f2c-5a7d7b91960c,,1478736000,"Nov 10, 2016",11,,8,,2016
206,0,ddf0b394-5dd3-0553-98c2-f9ff9f66d484,,1473897600,"Sep 15, 2016",9,,8,,2016
203,0,7b0a6139-9064-f22b-4e86-be38d1ddb04f,,877305600,"Oct 20, 1997",10,,2,,1997
204,0,1f5ad056-2402-dbb2-6f1f-acd3e05d7ac5,,659145600,"Nov 21, 1990",11,,5,,1990
198,3,77de44bc-611d-211d-359f-47519d112397,,544147200,Q1 1987,3,,3,,1987
199,3,87276125-1266-5c71-f96f-387957c12079,,544147200,Q1 1987,3,,1,,1987
197,0,ca0c9528-f44e-816f-1189-7fa3539abcfe,,427075200,"Jul 15, 1983",7,,5,,1983
195,0,7fcac01f-920a-3fec-bdd3-aae385b20cae,,498441600,"Oct 18, 1985",10,,2,,1985
193,0,9328502b-efab-f726-01bb-4cedb1dbbba5,,691718400,"Dec 03, 1991",12,,2,,1991
188,2,54c18e29-b547-043c-a45d-4f8ac7febdc2,,725760000,1992,12,,3,,1992
190,0,b911c97a-bcf9-4652-9013-87095a830397,,619056000,"Aug 14, 1989",8,,2,,1989
192,2,8c50b3d5-e7a7-406f-0d8b-5036257ea15c,,978220800,2000,12,,2,,2000
189,0,9a5a27ec-073f-c2f3-92ea-fce66be24f8d,,594086400,"Oct 29, 1988",10,,5,,1988
191,0,cf3ebb74-7e1b-2940-b203-34d71e30d104,,659923200,"Nov 30, 1990",11,,1,,1990
8,0,b0dde063-d97a-0755-e580-531dc5dd4e54,,1003968000,"Oct 25, 2001",10,,8,,2001
4,0,28c79b81-312f-c1c7-dafa-7a9b84b9fc96,,1142467200,"Mar 16, 2006",3,,1,,2006
554,2,0bc281b0-c15c-e167-50c9-e5aa0453f5c9,,473299200,1984,12,,8,,1984
540,0,f6202cd9-7775-2148-e975-7a285c1ebfa8,,788140800,"Dec 23, 1994",12,,5,,1994
357,0,9ce7b9d2-bbc9-ea8d-f76b-9c4e05b95b04,,786412800,"Dec 03, 1994",12,,5,,1994
356,0,f32e0e6a-1fdb-5fe8-e698-3e921cd4535f,,785376000,"Nov 21, 1994",11,,2,,1994
354,0,9d032194-e2c5-4dae-ffa8-da5916bc2acd,,938736000,"Oct 01, 1999",10,,1,,1999
353,0,1384724a-0ba7-56e8-f0a9-efdc586898d1,,933897600,"Aug 06, 1999",8,,2,,1999
351,0,1bb568dd-da4c-a245-b888-5221acab5a5e,,1557187200,"May 07, 2019",5,,8,,2019
336,0,653bfe43-9a65-6d43-23bf-8d5bab8b5b05,,1189036800,"Sep 06, 2007",9,,2,,2007
335,0,62d34395-6325-64fa-ddf9-5460b2db2458,,1125532800,"Sep 01, 2005",9,,3,,2005
332,0,719a4d83-403f-b44e-5589-2385d979dddc,,1384387200,"Nov 14, 2013",11,,5,,2013
327,0,59f70045-a1fe-e02c-7d30-ad3a8f88282c,,1391731200,"Feb 07, 2014",2,,1,,2014
322,0,88b31816-b102-4ad5-cff2-832fa8d0517c,,473385600,"Jan 01, 1985",1,,8,,1985
328,0,fee4913d-c6b6-2b8d-5e4b-4586f48dd9a1,,1381363200,"Oct 10, 2013",10,,5,,2013
321,0,4859338c-a471-fa12-d1b8-07d7c60575a9,,397008000,"Aug 01, 1982",8,,8,,1982
319,0,70b1d00d-76fb-ea39-acd3-9cf0a61d8ae5,,1016150400,"Mar 15, 2002",3,,1,,2002
315,0,24700b74-ebee-9e50-090a-02fda7cc7660,,678326400,"Jul 01, 1991",7,,2,,1991
314,2,8197a6f3-b5c3-e7ac-2cfc-dc92eeda3784,,662601600,1990,12,,5,,1990
316,2,33e3fe64-8093-f09c-2904-4da4abf8a1c8,,694137600,1991,12,,1,,1991
320,0,84a1def3-2f6a-e327-17b8-33b802b3f94e,,1002067200,"Oct 03, 2001",10,,3,,2001
313,2,0c8add39-c68d-ce7b-1980-edf89fab4c8b,,694137600,1991,12,,1,,1991
169,1,a5fe555b-ff26-6ad0-5f8e-013cb1fd9aeb,,215654400,Nov 1976,11,,2,,1976
166,0,fd064625-fc6a-457b-f53f-1ff2adbee088,,1251763200,"Sep 01, 2009",9,,1,,2009
163,0,8220c5fd-4827-6320-c174-ad46cf1c0414,,1348790400,"Sep 28, 2012",9,,1,,2012
156,0,73150b9d-641c-ef3b-04e1-80c367d4a26e,,1311120000,"Jul 20, 2011",7,,8,,2011
165,0,39ee96d8-f6f4-b0c5-863e-0f3d4f1e519b,,1251763200,"Sep 01, 2009",9,,2,,2009
66,0,b851a653-5a24-47c3-4611-03e39512a5f4,,366681600,"Aug 15, 1981",8,,8,,1981
65,0,54031656-8f26-dd06-8ac6-445f32b7a33f,,1287619200,"Oct 21, 2010",10,,1,,2010
64,0,85d48f7a-db39-b0ac-b263-81ceee066f25,,1289174400,"Nov 08, 2010",11,,2,,2010
63,0,67a111cb-a91a-2877-1efc-1a4a50983a59,,1183075200,"Jun 29, 2007",6,,8,,2007
43,0,1e855b97-f064-70cc-68c8-45cd7b595a31,,1253059200,"Sep 16, 2009",9,,8,,2009
17,0,19fa575d-3f98-9c2f-576f-13e27246a47a,,659145600,"Nov 21, 1990",11,,5,,1990
14,0,b5734870-8833-3c82-5a73-e63c80f7bf91,,1385078400,"Nov 22, 2013",11,,8,,2013
312,0,641479a4-2de1-672f-0d23-4997ba66a2bc,,682819200,"Aug 22, 1991",8,,2,,1991
309,0,603ef8f7-9e58-e661-f1a7-74903281c18e,,690076800,"Nov 14, 1991",11,,1,,1991
257,0,5b0608f5-6905-ae79-f86f-f38cb73d4886,,1003968000,"Oct 25, 2001",10,,8,,2001
255,0,a26ddce6-eba9-a623-33f2-fb67e0b4fcad,,1458086400,"Mar 16, 2016",3,,8,,2016
254,0,58c8a4c1-d725-bc64-4d11-b9e750416900,,1407110400,"Aug 04, 2014",8,,8,,2014
253,0,69adae92-f6a9-3fe8-c01d-5d39c81551d2,,1351468800,"Oct 29, 2012",10,,8,,2012
252,0,6c25b375-b90f-8f03-19a2-fe16a4d6d30e,,1287619200,"Oct 21, 2010",10,,8,,2010
251,0,c004db4d-6906-f17b-4479-a0ab264eb429,,1287619200,"Oct 21, 2010",10,,1,,2010
250,0,bf99d270-908b-229f-a64e-1d4f768fdcbd,,1289174400,"Nov 08, 2010",11,,2,,2010
247,2,8203e6ca-e2f0-b20e-f6a6-e2a524cb1c92,,283910400,1978,12,,8,,1978
246,2,a225d057-6780-c6d7-a59f-bf93e51539ff,,252374400,1977,12,,8,,1977
248,2,99ef5e2f-d81e-4788-e3de-4b538f1bf118,,315446400,1979,12,,8,,1979
245,2,99d8d4b5-4297-ccae-46cd-a2c732fcd696,,283910400,1978,12,,8,,1978
243,2,04961444-069a-e296-0797-e365c28969dd,,252374400,1977,12,,8,,1977
242,2,8dd07020-582b-f9d7-e1ae-d7a96f72343a,,252374400,1977,12,,8,,1977
249,0,11e2be3d-b6a9-ab60-c7fe-1d6e6b4b3052,,1510012800,"Nov 07, 2017",11,,8,,2017
240,2,9509cbec-8ff3-64e9-fd65-4f1b658dc913,,252374400,1977,12,,8,,1977
238,0,14c54989-9270-c52d-e866-a0bb09b83b15,,699408000,"Mar 01, 1992",3,,8,,1992
241,2,85d98742-3bdf-b4e4-a4a1-cfff13fb12b7,,252374400,1977,12,,8,,1977
244,2,70adab62-5656-0664-80bc-757026e9563c,,283910400,1978,12,,8,,1978
237,0,2fefe33d-3cf7-75a9-34c6-926f2229255e,,1271289600,"Apr 15, 2010",4,,3,,2010
232,0,f765962e-03ad-fffb-76c8-03bfbeec6e86,,1238716800,"Apr 03, 2009",4,,1,,2009
235,0,7ade430a-b5c6-cfa2-168c-178a84ae71df,,1267747200,"Mar 05, 2010",3,,1,,2010
231,0,400e7997-66c7-6bcf-f531-e81f73f19eba,,1238630400,"Apr 02, 2009",4,,4,,2009
233,0,d7310eb4-b9d8-48e5-afb8-56e8b9560f3a,,1238889600,"Apr 05, 2009",4,,2,,2009
236,0,17182677-6e24-2f67-51fe-075a21fa50b9,,1269734400,"Mar 28, 2010",3,,2,,2010
234,0,86df943a-5091-4337-a88c-850b2748fd86,,1258761600,"Nov 21, 2009",11,,5,,2009
229,0,50a0e592-b1b5-e955-10fb-f995122f9408,,1225497600,"Nov 01, 2008",11,,5,,2008
230,0,fea99fb8-dce5-a039-28e6-2d0954f962d5,,1238630400,"Apr 02, 2009",4,,3,,2009
227,0,12c98464-a4fe-c069-32d6-19028015fa42,,1149984000,"Jun 11, 2006",6,,2,,2006
226,0,53c865a6-985b-ef78-1c17-822d27852cba,,1149120000,"Jun 01, 2006",6,,3,,2006
224,2,bf5a83b9-c84d-3955-a6e8-67e063512b0f,,694137600,1991,12,,8,,1991
228,0,c2d1fd71-be39-93c9-3e5b-e668873b28d4,,1151020800,"Jun 23, 2006",6,,1,,2006
221,0,deab1880-ed7d-d837-bb04-585c5edc7b95,,815097600,"Oct 31, 1995",10,,1,,1995
222,0,8c3987b6-724d-1668-9c0f-7924132c6da8,,873849600,"Sep 10, 1997",9,,8,,1997
216,2,8a11ba3e-5497-b147-0f59-b2e39978964a,,315446400,1979,12,,2,,1979
218,6,adbad578-21b0-33de-7e11-e891c8cbf3ae,,1514678400,Q4 2017,12,,8,,2017
205,0,96f898a0-504f-6e84-012a-721f4683c9d6,,890956800,"Mar 27, 1998",3,,5,,1998
12,0,36b59c12-e49e-01a3-3ab0-5f7db48d93a9,,1385683200,"Nov 29, 2013",11,,3,,2013
1,0,b9365483-40a2-88ab-be8b-c20179db08f8,,1256169600,"Oct 22, 2009",10,,8,,2009
556,1,6dacfc55-df1e-4eda-71c5-9403f91ac551,,549504000,Jun 1987,6,,1,,1987
539,0,0a5350a2-e2e4-87e8-a9b6-98b584692926,,1592438400,"Jun 18, 2020",6,,8,,2020
344,0,7029a846-a7ca-a31c-4d4a-d5fd62bc1953,,1254355200,"Oct 01, 2009",10,,2,,2009
440,0,98e1c0cd-c970-baa0-b077-b3283de6c874,,1243209600,"May 25, 2009",5,,8,,2009
439,1,7d535709-9bd7-4f81-b832-b36441a89364,,917827200,Feb 1999,2,,3,,1999
441,0,07b50a9c-43bf-3039-a01a-d2f46d3db18b,,1257292800,"Nov 04, 2009",11,,8,,2009
438,1,f881c812-e0ad-166d-80f9-6aded89dcf60,,888710400,Mar 1998,3,,1,,1998
545,2,0e2e5722-0ba8-8cb0-ac84-6fe898566a67,,473299200,1984,12,,8,,1984
543,2,2d88e33e-ebbf-ad79-7cc2-ad671fbf3c14,,283910400,1978,12,,8,,1978
550,1,799ff5a3-af54-7652-0a10-759db53009b0,,336614400,Sep 1980,9,,8,,1980
547,1,687f3d0f-99de-e4f6-7805-da66854a34d8,,404956800,Nov 1982,11,,8,,1982
557,1,193d6997-c90b-e34a-6d52-d7863f951ce3,,494380800,Sep 1985,9,,8,,1985
552,1,510e7097-9c69-8059-d1a7-fab121be151c,,220924800,Jan 1977,1,,8,,1977
551,1,7f36011e-446c-f7d5-99de-bc46a3639ff7,,373420800,Nov 1981,11,,8,,1981
548,2,a7bb5429-48d2-1e17-af5a-03bdfc2eb0a9,,315446400,1979,12,,8,,1979
544,2,0e0db9a0-b476-0b19-e6bb-c656a2f22fb4,,220838400,1976,12,,8,,1976
436,1,94c9f226-7be2-6444-cea6-2fff478eaf10,,852076800,Jan 1997,1,,7,,1997
435,0,18eb1ba4-adeb-de33-f930-95288ce153b4,,846806400,"Nov 01, 1996",11,,5,,1996
434,0,81c331d3-6162-5eec-1cc7-f316e002c267,,1150761600,"Jun 20, 2006",6,,8,,2006
433,2,0ce926ad-ed25-dc9d-e569-70754a523be6,,851990400,1996,12,,8,,1996
432,0,48f132b8-b172-8816-424c-539716c24089,,1574121600,"Nov 19, 2019",11,,8,,2019
431,0,33303e13-1228-6021-e90f-3b5acb1d7524,,1574121600,"Nov 19, 2019",11,,8,,2019
398,0,c7b7dfb1-6b72-6891-21f8-9366acb2270a,,1533513600,"Aug 06, 2018",8,,8,,2018
397,0,9565f58f-15f5-7313-d079-6df7f9660bc2,,1606780800,"Dec 01, 2020",12,,8,,2020
364,2,7f6b3fbd-4e3a-ff78-15f0-1c3888613d7c,,1577750400,2019,12,,8,,2019
363,0,933a184d-33fc-f27f-cd3f-d545baf7d7e4,,1606780800,"Dec 01, 2020",12,,8,,2020
362,0,d290c5ff-d1b2-6509-4012-1960711d4de6,,1363910400,"Mar 22, 2013",3,,1,,2013
361,0,b41cc0c2-844d-5fb6-698f-80b731f8c92c,,1384646400,"Nov 17, 2013",11,,2,,2013
360,0,ecccb4d4-a3d8-4211-bb30-3e5a6ecbea98,,1354838400,"Dec 07, 2012",12,,2,,2012
359,0,7826fed6-0304-1427-cedc-2c68e6ca6137,,1568937600,"Sep 20, 2019",9,,8,,2019
358,0,9db9d02b-227d-782c-4322-880510e59c21,,788918400,"Jan 01, 1995",1,,1,,1995
355,0,9bab9c04-2831-d0c4-d45f-be1173d36c5a,,909532800,"Oct 28, 1998",10,,5,,1998
352,0,de86b25e-d791-90e0-ea0a-e437e554f268,,921542400,"Mar 16, 1999",3,,5,,1999
349,0,0674f43e-b558-6711-22ae-6529bc2ba3e9,,1319587200,"Oct 26, 2011",10,,4,,2011
348,0,50c27249-3da6-acac-fb25-3842db8f9791,,1319587200,"Oct 26, 2011",10,,3,,2011
343,0,74ec79dd-1668-164d-9062-825220b62f77,,1224115200,"Oct 16, 2008",10,,5,,2008
347,0,4fd1356a-3b4a-62e6-4fd3-81e2666ad2cf,,1319587200,"Oct 26, 2011",10,,1,,2011
350,0,39e0645a-1573-adf4-cd0f-a38d80aa1f49,,1319587200,"Oct 26, 2011",10,,7,,2011
346,0,3b74b7e3-33d9-b20c-e905-346e8ea626db,,1257033600,"Nov 01, 2009",11,,5,,2009
342,0,f25fcba7-c4ea-9854-f810-bbf315c5cbf2,,1224720000,"Oct 23, 2008",10,,3,,2008
341,0,76523c80-f11f-523e-2275-81c3493aecd4,,1224201600,"Oct 17, 2008",10,,1,,2008
339,0,faaca8e8-84a3-9aa9-c9cb-925fb3fe7cad,,1188432000,"Aug 30, 2007",8,,7,,2007
324,0,4690b0ae-f5e1-dc17-27df-b7d78c134512,,1329955200,"Feb 23, 2012",2,,3,,2012
318,0,abff0221-ff69-3a4a-38ee-fc32097e0ac9,,1008288000,"Dec 14, 2001",12,,5,,2001
183,1,24a2094a-4e1d-b92b-d837-7d1055a9da7a,,541555200,Mar 1987,3,,5,,1987
182,0,05cb7b41-b95b-ae70-38b9-04706740be9f,,1478822400,"Nov 11, 2016",11,,2,,2016
176,0,24788777-0a31-360d-e4e5-135c8dfb81ab,,560044800,"Oct 01, 1987",10,,5,,1987
172,2,30b6e8ea-f5bf-82b8-3f31-fa68912acf07,,157680000,1974,12,,1,,1974
170,1,74f772ab-b026-4b3d-dab8-af2445945961,,73526400,May 1972,5,,2,,1972
173,2,67910065-01d4-f1a4-ef95-2fac45380b11,,94608000,1972,12,,8,,1972
161,0,b6ff7783-7c86-6a16-294f-d057224cb3f7,,1349308800,"Oct 04, 2012",10,,5,,2012
155,0,e1e39d72-87d1-94dc-44b8-ac96fb3f8d19,,1251417600,"Aug 28, 2009",8,,8,,2009
158,0,257c98b8-33af-0390-555b-2ecb5add08b5,,1382400000,"Oct 22, 2013",10,,8,,2013
152,0,2a49cad6-6e47-5653-20c1-c4452e73552f,,1066953600,"Oct 24, 2003",10,,8,,2003
160,6,2e905108-47f1-afa4-2ca7-72ce68ffc2c0,,1451520000,Q4 2015,12,,8,,2015
148,0,969c34dd-ae9c-5a6c-db3b-34068b1a4ee4,,1008201600,"Dec 13, 2001",12,,5,,2001
147,0,4414d326-0957-87d8-2299-063f9f25d6b9,,1069027200,"Nov 17, 2003",11,,8,,2003
146,2,766e9dba-4653-80d8-6768-83b0a45de640,,662601600,1990,12,,1,,1990
132,0,d09eca1e-ff04-9319-466f-261d5a57411e,,234748800,"Jun 10, 1977",6,,8,,1977
130,0,63b533ec-009a-36e1-d0cc-8a144bee1cd0,,1071878400,"Dec 20, 2003",12,,6,,2003
127,0,f8b05daa-4bb0-d81b-c42e-3757d9262f90,,972518400,"Oct 26, 2000",10,,2,,2000
125,0,c778b519-72a7-121a-90f0-b2fcb3e115a1,,509328000,"Feb 21, 1986",2,,5,,1986
120,0,1280f61f-6bab-0b61-ba64-cb23e67ce61f,,427075200,"Jul 15, 1983",7,,5,,1983
117,0,e9954ef5-c7e6-35fe-ae9b-97cc96bcac37,,749692800,"Oct 04, 1993",10,,2,,1993
110,0,9bb43cc2-46c2-2681-363f-b3996529dc34,,1297209600,"Feb 09, 2011",2,,8,,2011
112,2,d76d34b0-4e1e-b14e-12f9-7d4b35866698,,441676800,1983,12,,8,,1983
116,0,3a961b9f-f48e-e1cf-35e8-ce956fc96436,,427075200,"Jul 15, 1983",7,,5,,1983
106,0,2ccfd8e5-abfe-cef9-917f-591ba2066aee,,1274313600,"May 20, 2010",5,,8,,2010
104,1,c717a60d-659c-dc65-6074-78b77e06d182,,420595200,May 1983,5,,1,,1983
107,0,c219cbac-8530-0139-f490-243c47c65ff4,,1341792000,"Jul 09, 2012",7,,8,,2012
103,1,5061fcd0-93dc-bde6-ad41-708e1f50b34d,,404956800,Nov 1982,11,,2,,1982
101,2,267b11cc-8d84-ba58-b637-20815d1357af,,410140800,1982,12,,1,,1982
105,1,02f250ac-129d-6824-a29b-24ad6866c66f,,423273600,Jun 1983,6,,5,,1983
506,0,5bdc9563-d891-0f31-926c-efa172b9338f,,748051200,"Sep 15, 1993",9,,1,,1993
100,2,6a9f1196-80db-ad8b-df90-eb9172650a1f,,410140800,1982,12,,5,,1982
96,0,5fdd9cf6-ccf2-35b2-471a-9f4948294dab,,1165536000,"Dec 08, 2006",12,,1,,2006
51,0,562e09d5-3ee8-79dd-352e-352bc2f3533c,,1021593600,"May 17, 2002",5,,3,,2002
34,2,44d1916e-631f-9381-6129-11b81c4f5a65,,283910400,1978,12,,1,,1978
270,0,e6899c04-2a47-50c5-f69d-cfd2424e09bf,,1269734400,"Mar 28, 2010",3,,2,,2010
266,0,50e8b4a0-dc95-3b6f-abc8-ad334db5fe0d,,1238716800,"Apr 03, 2009",4,,1,,2009
263,0,80402cc8-5512-5a20-2588-3a41b16c680a,,1225497600,"Nov 01, 2008",11,,5,,2008
259,0,879d7941-f789-3c86-9975-dff1a56698dd,,1256169600,"Oct 22, 2009",10,,8,,2009
209,0,adbb0da4-53ea-0b8a-476e-aa850f1e9587,,837907200,"Jul 21, 1996",7,,5,,1996
541,0,d4d4d7a8-9dd2-5c23-3148-54b04a5a3b66,,325728000,"Apr 28, 1980",4,,8,,1980
98,0,09f7b107-c3d2-03a4-5944-2a57dbda0d4a,,976320000,"Dec 09, 2000",12,,5,,2000
95,0,65931382-568a-1415-acd3-a7b239dd2544,,1163894400,"Nov 19, 2006",11,,2,,2006
91,0,1ea0b6b4-9b55-a245-218f-5bb13b3035f5,,800150400,"May 11, 1995",5,,2,,1995
311,0,e4f350aa-b9a3-bbbf-1277-f484ad087058,,641088000,"Apr 26, 1990",4,,5,,1990
261,0,8eca2369-324d-39fa-ffac-88e8f3c3140a,,1416528000,"Nov 21, 2014",11,,3,,2014
256,0,fc1bae1e-1b96-d09d-814a-24d77469a83a,,1351209600,"Oct 26, 2012",10,,8,,2012
208,0,93a1463e-a1f9-78a7-9911-f0239f907688,,1470096000,"Aug 02, 2016",8,,8,,2016
102,0,9ebbceb2-2e43-dd82-6c1c-eae057f393f1,,1383177600,"Oct 31, 2013",10,,8,,2013
97,0,4dd00fd6-fafa-43cb-c40d-4f0585c1ef7a,,1139270400,"Feb 07, 2006",2,,3,,2006
61,0,d227c22a-b123-5b99-fb20-3988a1b5dd2c,,816393600,"Nov 15, 1995",11,,3,,1995
45,0,a1a6cabf-f38e-befc-3983-d57852ddc9ce,,753321600,"Nov 15, 1993",11,,2,,1993
22,0,d65f692d-6b58-72d5-35ec-7ff91cb76593,,719107200,"Oct 15, 1992",10,,2,,1992
442,0,da14521e-9b83-8803-ccd4-811fccb50df1,,1288137600,"Oct 27, 2010",10,,6,,2010
310,0,36aa0361-bcf5-9d7a-95fd-c18611875cac,,679276800,"Jul 12, 1991",7,,3,,1991
273,0,57fe2ae2-5e90-b445-c775-e40aefc86f3c,,1423094400,"Feb 05, 2015",2,,8,,2015
268,0,f16c660d-8e5c-434c-cdb2-a9b4797e3268,,1258761600,"Nov 21, 2009",11,,5,,2009
264,0,64ed0611-b26b-9407-50bb-a6d5f93c6314,,1238630400,"Apr 02, 2009",4,,3,,2009
258,0,76ff67c6-5899-eea7-7a33-314c9fda0b57,,1170115200,"Jan 30, 2007",1,,8,,2007
239,2,d02e17c0-186e-106a-03d0-6196b9327c14,,220838400,1976,12,,8,,1976
219,0,396e4bc1-c43c-7da7-bf03-7f91ccd3928f,,779068800,"Sep 09, 1994",9,,5,,1994
211,0,1bf56163-ff56-e2cf-4127-a828b15ab486,,892512000,"Apr 14, 1998",4,,5,,1998
546,2,670ceb69-cbc8-fecd-2fba-331a68965f0a,,473299200,1984,12,,8,,1984
99,2,cd551676-255e-4575-2bec-92d6b57c067c,,347068800,1980,12,,2,,1980
94,0,99de8824-b4a4-6a19-4972-da1de2f3db7d,,1165017600,"Dec 02, 2006",12,,5,,2006
90,0,484f2224-1e7e-53df-f00f-171f0e4cfbf7,,785462400,"Nov 22, 1994",11,,5,,1994
308,0,e2287713-bde9-e337-af7d-50cf56f8a548,,667958400,"Mar 03, 1991",3,,2,,1991
275,0,e86970fe-b2ff-2f4c-b192-3b78490cbc57,,1534809600,"Aug 21, 2018",8,,8,,2018
269,0,12d8cdf4-cfbe-ad21-4ce8-75ce8ddab129,,1267747200,"Mar 05, 2010",3,,1,,2010
265,0,c25adf9d-b0f4-ed92-7219-60dd4cb417b9,,1238630400,"Apr 02, 2009",4,,4,,2009
225,0,f1c4fb52-46bb-8ab8-7211-aca5cb520ae2,,1141257600,"Mar 02, 2006",3,,5,,2006
214,1,47406931-c2ad-e90a-a4a7-e87a4d0d84bd,,281318400,Dec 1978,12,,8,,1978
212,1,cabb25a7-bf22-98d2-3dbd-a2067a8a3872,,1488326400,Mar 2017,3,,8,,2017
93,1,300a5edf-05f1-d53d-46bf-36b93b9f975b,,397008000,Aug 1982,8,,2,,1982
86,0,01f73119-f355-be70-835e-43ff6d8a849f,,911347200,"Nov 18, 1998",11,,2,,1998
437,0,d0a4ac29-0de6-b5c3-137c-164b89c93259,,859161600,"Mar 24, 1997",3,,2,,1997
274,0,27e3cd41-cb4d-4069-ff70-d606477e0942,,1471824000,"Aug 22, 2016",8,,8,,2016
272,0,5d958be1-7075-a9a8-2b3d-f645c26c9518,,1415750400,"Nov 12, 2014",11,,8,,2014
262,2,d04ebbd7-f567-dfad-22da-92e5f139eec1,,820368000,1995,12,,8,,1995
260,0,3df5096c-aef1-0c8b-3468-56779baf6233,,1412985600,"Oct 11, 2014",10,,5,,2014
220,0,d7313656-496a-8196-a7ea-8f0cd74b379b,,788832000,"Dec 31, 1994",12,,2,,1994
217,0,bb40e7dd-df0e-9c22-e780-49eaf969e4b8,,1488499200,"Mar 03, 2017",3,,8,,2017
213,1,77ba7d13-a3b5-82f1-b351-2525a35442a1,,1488326400,Mar 2017,3,,8,,2017
7,0,766e141d-7004-df40-93ea-4946003093de,,1170115200,"Jan 30, 2007",1,,8,,2007
549,1,a4b41231-d34d-7a5b-7147-cb47f636bf45,,360201600,Jun 1981,6,,8,,1981
92,0,69feaa7f-cf4b-e5c5-1d98-f10616b8fd18,,805161600,"Jul 08, 1995",7,,1,,1995
89,0,0bd7ea97-4bc1-3ac6-1879-6c781300b77b,,1065484800,"Oct 07, 2003",10,,8,,2003
20,0,be86032c-545a-8090-d9c3-71a07b32f1d3,,710121600,"Jul 03, 1992",7,,3,,1992
271,0,69eaa018-2827-86b3-ddf9-528e6eb5a876,,1271289600,"Apr 15, 2010",4,,3,,2010
267,0,26e85793-2da5-b04a-ad7c-a40bf780ef42,,1238889600,"Apr 05, 2009",4,,2,,2009
215,1,a939a7b0-ab66-be4e-45d5-548df5fd7898,,281318400,Dec 1978,12,,1,,1978
210,0,8877be08-ee1c-2810-0df9-64c71b3a4958,,841708800,"Sep 03, 1996",9,,2,,1996
572,0,bedb5c16-c2cf-d292-4b37-51b93800c7d0,,1605139200,"Nov 12, 2020",11,,2,,2020
573,0,09c99683-d95a-a042-cd14-da6ec254c3a9,,1605744000,"Nov 19, 2020",11,,1,,2020
605,0,e8cba691-6492-fe00-d8d5-4837d0d83e4c,,1587686400,"Apr 24, 2020",4,,5,1615505433,2020
606,0,3dacfb8d-812c-e756-69cc-03f1a02c7b46,,486432000,"Jun 01, 1985",6,,8,1615926501,1985
607,0,2c06fd97-afcb-8d85-04b0-31046219235e,,1276905600,"Jun 19, 2010",6,,2,1620639573,2010
608,1,a22cf167-2452-3065-a4a2-4ea6a6bc6c4a,,873072000,Sep 1997,9,,2,1621928523,1997
610,1,d7d2e4fb-a815-99f3-260e-3bb781310e45,,1635724800,Nov 2021,11,,1,1622025696,2021
609,0,82a097ea-0a7e-cd19-aad9-1238baf352ab,,1590105600,"May 22, 2020",5,,1,1622039387,2020
611,0,7f135172-306b-a225-7cfa-907585bb8416,,352598400,"Mar 05, 1981",3,,8,1625179074,1981
612,6,b680e2e8-5e05-0c36-ae94-943882b76f9c,,1640908800,Q4 2021,12,,8,1628884484,2021
613,6,090be0ee-44de-47cc-7c2a-ff7d65aec931,,1640908800,Q4 2021,12,,8,1628889133,2021
614,2,421d11ba-815f-7ae3-c945-3a0e535b6ec5,,662601600,1990,12,,8,1635196885,1990
638,0,6fb486c3-4d4d-fbae-0227-3a9009db6e06,,719625600,"Oct 21, 1992",10,,1,1650310804,1992
639,0,08144f9e-a096-2698-126b-114d16040696,,956102400,"Apr 19, 2000",4,,8,1654152219,2000
640,0,f0eb2867-f47b-2f97-1c78-6d3f58898442,,442713600,"Jan 12, 1984",1,,8,1654177720,1984
641,0,f9cff315-96d8-06bb-f99e-41a9a168ce28,,1649721600,"Apr 12, 2022",4,,8,1655410728,2022
642,0,fd6697e9-1111-8ba7-5ff7-b41fa1b54bcd,,1633392000,"Oct 05, 2021",10,,8,1656450032,2021
643,0,3ad0bdc4-212d-6604-4223-2d83c8fc5430,,501292800,"Nov 20, 1985",11,,8,1656450068,1985
645,0,154ef12f-4771-b2db-39fd-894210f84335,,968889600,"Sep 14, 2000",9,,8,1656450303,2000
644,0,c00a2fc0-2068-bb9e-aa87-24761ce25686,,898732800,"Jun 25, 1998",6,,8,1656450297,1998
647,0,14a00758-4a98-e85b-9ee9-c441f400e695,,1056326400,"Jun 23, 2003",6,,8,1656450511,2003
649,0,76a0136a-4071-c919-9d99-cd5ace8cf23e,,1171238400,"Feb 12, 2007",2,,8,1656450521,2007
646,0,da7736a9-30b4-c5cf-82cc-f72f81329935,,1002153600,"Oct 04, 2001",10,,8,1656450507,2001
648,0,502926cb-6a16-0ad0-90dd-1731f7605041,,1115596800,"May 09, 2005",5,,8,1656450517,2005
650,0,c5e93256-6e5b-d816-9f02-d4a59e3a2a95,,366422400,"Aug 12, 1981",8,,8,1656450588,1981
651,0,8f64b8cf-ac8a-64a3-1418-0842725fbaa1,,1161561600,"Oct 23, 2006",10,,2,1660154216,2006
652,2,0bddd1ba-c2f2-7234-0c3c-0365d79576f6,,757296000,1993,12,,1,1660156438,1993
653,2,0360f1ba-5a21-a964-4b5e-bab943f69402,,757296000,1993,12,,10,1660156438,1993
654,0,423e9c54-f4f8-a770-bfb2-7dc9442edc37,,874022400,"Sep 12, 1997",9,,2,1660239391,1997
655,0,85d78d0b-2d5d-2954-599c-faca11038189,,811641600,"Sep 21, 1995",9,,2,1660245955,1995
656,0,af298677-1cc5-f81b-dec6-1924acd34304,,811641600,"Sep 21, 1995",9,,1,1660245955,1995
657,0,ad747583-eec0-26fc-e789-24509ae87084,,1065484800,"Oct 07, 2003",10,,2,1660247601,2003
658,0,c5790ae7-f466-cfc4-9919-c96db09a6a47,,1275868800,"Jun 07, 2010",6,,2,1660314239,2010
660,0,29210c4c-26c6-212c-e0ec-c0d6bdd23be9,,1547942400,"Jan 20, 2019",1,,7,1660316168,2019
659,0,ddac84c3-8f5a-8372-fee3-5e05cc9517f5,,1413763200,"Oct 20, 2014",10,,2,1660316168,2014
661,2,d6cb796b-0679-d99b-30d8-decdf573187d,,725760000,1992,12,,8,1660320346,1992
662,0,6fa54af0-85f8-088f-294c-d95dbbbb2a70,,945043200,"Dec 13, 1999",12,,5,1660321601,1999
663,2,86254855-ee73-231a-6fab-9317893d2b30,,851990400,1996,12,,2,1660322989,1996
671,0,3a26664a-ee1c-7d8d-58ad-24fcac7cb66f,,1456272000,"Feb 24, 2016",2,,8,1663687428,2016
672,0,0970510a-7b04-e064-5bf2-bd1dbe7fc48d,,1091577600,"Aug 04, 2004",8,,8,1663689223,2004
675,0,00ea8bf2-df20-4eb9-d9bf-a91c9a4f223d,,939859200,"Oct 14, 1999",10,,1,1666802321,1999
673,0,f212b1a0-aebf-38a1-7df7-1c571f7fd07e,,901756800,"Jul 30, 1998",7,,5,1666802321,1998
674,0,347d8499-d8d9-0e84-a038-cd154a825aea,,936835200,"Sep 09, 1999",9,,2,1666802321,1999
676,0,6849357d-eb6b-fda2-e813-d359244ca693,,943920000,"Nov 30, 1999",11,,3,1666802321,1999
677,0,039ea781-9571-d868-883c-1ff673d69bce,,917049600,"Jan 23, 1999",1,,5,1666809129,1999
678,0,5a7889f4-9675-3cbc-a9ad-0907bccf84a7,,1677024000,"Feb 22, 2023",2,,8,1667399629,2023
681,0,766111f7-5ca7-1a94-02de-5a1ec09e0185,,1069027200,"Nov 17, 2003",11,,6,1672093131,2003
682,0,5ce984d8-5181-54bf-9c43-8b8490a53379,,1243209600,"May 25, 2009",5,,10,1672223687,2009
685,0,f6efd67d-7eb5-c448-3320-bac8631e657e,,492912000,"Aug 15, 1985",8,,1,1675006520,1985
684,0,e7fa8d08-973d-19f6-104e-784cf53c70d0,,487468800,"Jun 13, 1985",6,,2,1675006520,1985
686,0,83f31122-7c20-7988-c46e-7fd529aaca8d,,1671062400,"Dec 15, 2022",12,,8,1677136379,2022
687,0,e34f3f31-c783-3317-5173-f3ffdc562d04,,1602547200,"Oct 13, 2020",10,,8,1678475718,2020
688,0,fee2bea5-f6a9-bf9c-3ff8-6dedb1548c80,,1602547200,"Oct 13, 2020",10,,8,1678476490,2020
689,0,d8523ea0-b786-00cd-95ac-64c1b418a268,,512697600,"Apr 01, 1986",4,,8,1681128628,1986
691,2,88530715-82a7-5c17-5db0-74558866fc60,,536371200,1986,12,,8,1681142464,1986
695,0,8d01bdc1-87ff-511d-4d63-c2e5b1bcb18a,,1443571200,"Sep 30, 2015",9,,8,1683511565,2015
694,0,683ac2ff-72d8-c2b5-cafe-65c016eeb156,,1605139200,"Nov 12, 2020",11,,8,1683550714,2020
692,0,25ea5b54-6ff1-fd43-f949-d25c8061aad6,,1666569600,"Oct 24, 2022",10,,8,1683550713,2022
696,2,76f5cd58-db5a-11d7-6ddd-df8dc8da0a4e,,315446400,1979,12,,1,1684297235,1979
697,2,823ea777-6158-dd3b-cbfd-3863dd031fd5,,283910400,1978,12,,1,1684297241,1978
698,0,29e70a96-0006-398a-d760-741f9e9dea9b,,771292800,"Jun 11, 1994",6,,1,1684367569,1994
699,0,e20372fc-702f-0bdf-f08d-1614492d311a,,786412800,"Dec 03, 1994",12,,9,1684367569,1994
704,6,6dc16a66-b56b-98f7-f573-d8f4cadf209f,,1703980800,Q4 2023,12,,8,1685642388,2023
705,2,bfe6c89a-e028-16a8-5507-57a62524d720,,915062400,1998,12,,7,1693227777,1998
706,2,29e30af6-5660-319d-cb6b-72c5708c481a,,915062400,1998,12,,6,1693239625,1998
707,0,fdc5b373-f065-7a7c-9dfe-25d32b8a8d00,,741484800,"Jul 01, 1993",7,,5,1693240227,1993
708,0,2f9a8bac-644d-5fa2-ec59-0eaf825e9dfa,,763257600,"Mar 10, 1994",3,,5,1693240227,1994
709,2,6196c198-7ee6-b486-9ed1-9dbca78c2716,,757296000,1993,12,,1,1693240284,1993
710,1,b6ff22d3-dc8d-99fa-6b67-2fe966b24461,,812505600,Oct 1995,10,,2,1693240305,1995
711,1,5bcf992f-bece-248b-9dfe-7686714921b6,,673056000,May 1991,5,,6,1693240337,1991
713,2,60b3296c-3415-5847-754e-f2f893ed35aa,,757296000,1993,12,,2,1693240701,1993
712,0,243a5087-0d1a-17b8-dcce-bf8003d48d11,,735523200,"Apr 23, 1993",4,,5,1693240701,1993
714,2,2dc3601c-834d-d26e-f4b0-e600087208f5,,757296000,1993,12,,1,1693240702,1993
715,0,05ceb290-cdcd-e479-4697-2756d89a2b52,,498614400,"Oct 20, 1985",10,,5,1693241164,1985
717,2,f7dc14d4-17a5-f0a7-adf1-c5656307cb2c,,788832000,1994,12,,10,1693241289,1994
716,2,98c9d339-82a2-a27c-691e-561ca1732741,,788832000,1994,12,,10,1693241236,1994
720,2,0ad7d7d8-7257-818a-b7fe-5d7b1474a30b,,631065600,1989,12,,2,1693241356,1989
721,2,28368203-f0db-53d3-eac2-7c7389a66de2,,631065600,1989,12,,1,1693241356,1989
719,2,424b3a30-efc2-9d29-d252-4dd9ac4a51aa,,820368000,1995,12,,8,1693241334,1995
718,1,29e5f914-9c5c-7abd-e81b-c1a534d85d3f,,712627200,Aug 1992,8,,10,1693241299,1992
723,1,e207cd14-a394-23cd-2c1a-ffd2b3db46a0,,909878400,Nov 1998,11,,5,1693241466,1998
722,2,ae0ebef0-8ed0-2215-132d-31f322b6a248,,694137600,1991,12,,8,1693241449,1991
724,2,1c236a1f-3e70-2290-24c6-7c2e991c6b60,,915062400,1998,12,,8,1693241466,1998
725,2,29509a8d-0032-8e37-cf04-91abad50173a,,694137600,1991,12,,8,1693241486,1991
726,2,af68169a-d687-4be8-09de-ac96de78f23f,,62985600,1971,12,,2,1693252994,1971
727,2,a5c71798-8a87-8abd-af55-bf02f0c8957e,,788832000,1994,12,,5,1693253982,1994
728,1,2f299501-68d1-d1db-a230-20e91d2ff3ca,,441763200,Jan 1984,1,,8,1693254047,1984
729,1,49943b5d-f68c-70e9-4de5-e24948cf37f6,,523238400,Aug 1986,8,,8,1693254058,1986
732,2,d041b524-b1a3-19b1-e2b0-58958ae38f1c,,757296000,1993,12,,1,1693254132,1993
731,2,b628fd93-c76f-a299-163a-25823c4f777e,,757296000,1993,12,,2,1693254132,1993
730,0,de283b16-96f7-9dc1-e6b4-6d806339af6b,,754704000,"Dec 01, 1993",12,,5,1693254117,1993
737,2,7e7e8766-a896-093a-ddb3-5f2c4fb85027,,883526400,1997,12,,5,1693254229,1997
735,2,8bc7c1c4-39e6-0292-bcd6-2beebbba0de5,,631065600,1989,12,,5,1693254201,1989
736,0,631c9ac5-2eb1-711c-0a1f-4f3cc6525737,,520560000,"Jul 01, 1986",7,,5,1693254216,1986
738,0,fb03fd97-097a-1a3f-76d0-16c5b6325456,,659145600,"Nov 21, 1990",11,,5,1693254234,1990
733,2,c320dfd8-5e5d-f383-1295-200aa7215633,,631065600,1989,12,,2,1693254158,1989
734,1,815561b2-64b1-f350-7613-fc5849f0ad70,,433814400,Oct 1983,10,,5,1693254175,1983
739,2,9d735489-4811-5280-0885-1be95e4fdb97,,536371200,1986,12,,5,1693322683,1986
742,1,6ca805a7-f7c7-f6b5-ab1b-20de130d723c,,925516800,May 1999,5,,8,1693323059,1999
740,1,bb94429f-c8d0-37c5-5848-d7a3b94660ce,,407548800,Dec 1982,12,,5,1693323039,1982
741,1,f1155968-52b4-4f01-b979-2ca3544fe344,,425865600,Jul 1983,7,,8,1693323040,1983
743,2,8fa6b0d3-5417-1a07-125b-69ac59c4f518,,978220800,2000,12,,8,1693323075,2000
744,1,464ef916-8b97-b831-8cc3-8426f32dbd73,,1049155200,Apr 2003,4,,5,1693323113,2003
745,2,b6671f0e-6b18-3b9a-5413-5b08ec78f771,,1104451200,2004,12,,2,1693323113,2004
746,2,baab28d4-b180-7fb2-e95a-5e7e81c48fa7,,1104451200,2004,12,,1,1693323113,2004
749,2,bf9cc67e-734b-fe35-f874-a2390650540b,,883526400,1997,12,,8,1693341652,1997
748,2,a72da93c-3825-8783-e9ed-eeaa53864bac,,851990400,1996,12,,5,1693341652,1996
747,0,2549195e-c53b-b4b7-ea77-cd7e150fc942,,962928000,"Jul 07, 2000",7,,5,1693341632,2000
750,0,6a95a16f-efbd-fa5c-53f6-7c30d8e14f93,,427075200,"Jul 15, 1983",7,,5,1693345524,1983
751,1,cf8120c0-59ed-8b22-9787-83dc3b5cd59a,,373420800,Nov 1981,11,,5,1693345732,1981
753,0,e69bfda0-bea2-24c6-6ca4-46724862af68,,809222400,"Aug 24, 1995",8,,8,1693345803,1995
752,2,ad4550fb-50f6-69ec-e052-ed845fec34dd,,662601600,1990,12,,8,1693345779,1990
754,0,5e72070b-26df-e762-64c4-e4d57b7fa882,,797472000,"Apr 10, 1995",4,,8,1693345831,1995
755,0,d2fdba32-ecaa-fbd3-4f35-bd82ff95afc8,,1041552000,"Jan 03, 2003",1,,8,1693345923,2003
756,0,6abbb2b2-4416-0f18-4087-e7141d059ac0,,1228953600,"Dec 11, 2008",12,,8,1693345932,2008
758,0,4e273edd-3f98-5f10-fefc-4cc67f6bb879,,1438128000,"Jul 29, 2015",7,,8,1693345934,2015
757,0,b01e874c-1c5f-b568-45af-3bd0e94826a9,,1099958400,"Nov 09, 2004",11,,8,1693345953,2004
760,0,39a8bc19-9372-aa7e-9f21-45aa0d7e24b0,,1689811200,"Jul 20, 2023",7,,8,1693345858,2023
759,0,3ba7e55d-3fef-8d07-f761-4e2df7d96c35,,1422316800,"Jan 27, 2015",1,,8,1693345928,2015
763,2,62839acb-1046-a820-c10d-de8b9b530358,,1041292800,2002,12,,1,1693356106,2002
761,2,4acd603b-e562-c534-3456-bccd2d06b20d,,1041292800,2002,12,,5,1693356106,2002
762,2,3bf16141-553c-f06a-0dc9-c462484fe65c,,1041292800,2002,12,,2,1693356106,2002
764,2,865b8f86-a52a-19fb-b8e2-b48d73594ad2,,1262217600,2009,12,,8,1693356172,2009
765,1,c270a54f-6d3d-fcd0-4932-571be818aae5,,762480000,Mar 1994,3,,5,1693356275,1994
766,2,bd308229-20fb-f559-2c72-fc7360291a76,,820368000,1995,12,,8,1693356275,1995
