id,checksum,game,game_feature,included_feature,note
379,1f1efc3b-3325-d235-a723-70864daca2ed,2,78,1,
380,4fc7e792-a1e1-5ecf-7835-333b20fbdb01,9227,78,0,
381,243b2bc8-c2da-d3f6-e0bd-458694b9c262,2,79,1,
382,2a9775c3-22ee-459e-3adc-b4bd98a643f5,9227,79,0,
383,b365ece9-26f0-9b8b-e3c8-a7c963f5ec8a,2,80,1,
384,b4daa775-ba05-c3d2-1c82-c4932d4e6293,9227,80,0,
385,49443cfe-bff9-ff1f-504b-1fee01d4c357,9227,81,,"This versions includes all of the missions from the first release, as well as three new missions adapted to the original storyline, with full voice acting and new graphics."
386,2d1ff30f-7733-dc2c-8049-48b43f060991,2,81,0,
387,2693530c-e710-0ce7-69a2-985947db1777,9227,82,,"An additional enemy known as the Fire Shadow has been added in the game. Fire Shadows classify as undead, and appear to be a bearded man engulfed in flames."
388,4d532e84-c217-987c-2b19-bf30f4115631,2,82,0,
389,8728b103-0d4e-eb19-9294-bfc4df09766c,9227,83,,"Some other changes from the original include a re-textured version of Down in the Bonehoard, a major gameplay and storyline change in the Lost City mission, a tweaked Undercover, and a huge add-on area in The Sword, which by itself is roughly the same size as the original mission."
390,9a1463e9-7a84-a12a-db77-7b2ff9fb82ba,2,83,0,
395,75698308-4ab5-c396-5e57-f9490a809cb4,2,86,1,
396,c4447045-556f-3870-9fe1-84fbef10afb0,9227,86,0,
397,f1d0e006-16f2-3e50-8e22-b297b7b79e66,2,87,1,
398,8ac9ca50-295b-868a-b2a9-9728e456d0d4,9227,87,0,
399,d5d788ff-70d6-9509-2060-86e6c366fd3a,2,88,1,
400,90546b2c-d678-8006-c9bb-e10e81a9c0dc,9227,88,0,
401,7dc501e1-45d7-218c-a1dd-e3b244b8512f,9227,89,,"This versions includes all of the missions from the first release, as well as three new missions adapted to the original storyline, with full voice acting and new graphics."
402,2eaafe3d-a301-e6a3-a368-8026a71ba09b,2,89,0,
403,35a2da7d-9969-179c-d1ec-2de9952eb1ca,9227,90,,"An additional enemy known as the Fire Shadow has been added in the game. Fire Shadows classify as undead, and appear to be a bearded man engulfed in flames."
404,5a0c3eba-4a66-7777-2185-7f38a0fb69a0,2,90,0,
405,52e3ac5c-3414-4f82-f211-0bd3ecc8d937,9227,91,,"Some other changes from the original include a re-textured version of Down in the Bonehoard, a major gameplay and storyline change in the Lost City mission, a tweaked Undercover, and a huge add-on area in The Sword, which by itself is roughly the same size as the original mission."
406,7906749a-de16-6c89-5159-b7ddc04572c6,2,91,0,
407,30fa918a-a7e6-175d-7112-51e70d5dc147,472,92,0,
408,1760faba-fb43-09f0-5368-fd7c984d9e6b,47445,92,1,
409,0d894b15-070d-be6c-f8d3-ae64aa67990e,19457,92,1,
410,ea83f533-cac7-e493-897e-fe8fc02a073d,472,93,0,
411,5c50994b-78b3-0796-6178-d23a7e8444e8,47445,93,1,
412,cf103095-e016-a47a-1fb6-12d3105633f1,19457,93,1,
413,90dfbc71-4354-fb72-23f0-dfbde7d96fbf,472,94,0,
414,d5a7d5ea-8304-0309-71a7-ccb42b7c593f,47445,94,1,
415,6fb9e426-97b0-c76c-1f60-72c9f8262dda,19457,94,1,
416,3346474c-188f-2574-fe5c-f25661eaeb7f,472,95,0,
417,59a67aef-d8aa-6cfe-4de3-eea5d78a0c74,47445,95,,Not on release.
418,496c9046-0003-4802-3310-6fbb2cf1296c,19457,95,,4K and HDR support
423,d0a50135-5a57-9b57-7831-aa999949a928,28540,98,0,
424,c465c5b9-efc3-cab8-eefe-b8285689542d,39047,98,,Only 999 copies available. Ubisoft Store exclusive.
425,117caeaf-d484-e6d8-eb88-0c2f663f41c3,39044,98,0,
426,e343ec3c-d09f-0404-636f-5982ffc3080c,39045,98,0,
427,7a21b986-d7c4-8ac4-8549-1bd2fca91df8,39046,98,,Ubisoft Store exclusive.
428,dea2d085-1820-ad85-ff8a-f32018f00a49,39034,98,0,
438,0306c861-7490-8546-4696-c2da09d62185,7349,102,0,
439,77dc4327-b7f1-181f-fd78-1c694389e01f,27766,102,1,
440,d7c72108-98ba-ba46-9e37-7ce3fa3cabdb,27767,102,1,
441,d8a11193-bf39-5411-817c-435204e341a6,7349,103,0,
442,086c4592-7089-59bd-12ac-6fac6eb8ec33,27766,103,1,
443,d6488cec-1fc9-64e3-54c0-f55720b9cea0,27767,103,1,
487,6abf92b8-8861-d541-dd4f-d1aec5aaf3a6,20228,121,0,
488,2a01822b-0686-f19d-037a-dfe7504fe26d,1267,121,1,
489,f9096a3f-7d2e-b911-9c29-fd0e4fae132b,20228,122,0,
490,534c76e3-fa81-0877-b237-c71811da9a1e,1267,122,1,
491,5f94bfa1-c41d-8b3a-47ad-1c7b77970e28,20228,123,0,
492,e1a21f9f-8273-28e0-6899-db5feae603f9,1267,123,1,
493,5c4da34a-c262-ec57-18c0-57a63a0beed5,20228,124,0,
494,42a73017-2ec7-77a4-8b51-4023c3bb2be1,1267,124,1,
495,88476566-bb50-88c1-4b84-62266f26a5ea,20228,125,0,
496,1061d8bf-8ad3-60aa-4041-d94bf79ae0bd,1267,125,1,
497,c8c8e856-c088-3eff-0a1a-c0af5c052308,20228,126,0,
498,20789bcd-2625-602d-d27b-4d724040eb3d,1267,126,1,
499,ee47e3e2-f38f-b394-806c-9cba5b53ee5c,20228,127,0,
500,99c7e69f-010d-1658-5e75-12137407917b,1267,127,1,
501,614594f1-4490-d3f2-f882-6edec62eebe9,1267,128,0,
502,72e40848-ad33-8d38-179f-51e9b943012a,20228,128,1,
503,02fdb409-e237-bd89-b92f-a7890a4efc95,1267,129,0,
504,d08ca26d-3ea6-688d-abca-dd5b3cab40bb,20228,129,1,
505,e2c08655-6433-3c8f-d1bb-63f714276087,1267,130,0,
506,846af41c-ae1b-b5e6-a66e-8719100334b7,20228,130,1,
507,1270e0e3-ef04-9a94-538a-7d85b3f06027,1267,131,0,
508,a6661a1a-de25-ebf3-a855-98ee1a51b83a,20228,131,1,
509,1e1dcb38-dd30-eed6-cf13-bcebe211fb9a,1267,132,0,
510,14dedc6d-b4df-edc8-14ba-8a25a6e1103e,20228,132,1,
511,6421cbbc-fc1d-56e9-75b2-fe3bedb2620d,1267,133,0,
512,fe2a3b56-559d-eddd-a45d-e0abc9949b96,20228,133,1,
513,72f2f85d-88a5-55f6-8331-2e5c64ea01b3,1267,134,0,
514,55cc36fa-edd5-71cd-f243-9996a578e8f7,20228,134,1,
515,fd8466ec-b41f-6024-1e6e-c8af6a109b33,28540,50,0,
516,e5fc68c8-67ed-c8a8-739a-ef3b8c2e35f2,39046,50,1,
517,7c576202-47ba-a4e8-15d6-5d560aebf188,39047,50,1,
518,2c5c343f-fe05-aad8-8716-c578198cb66f,39034,50,1,
519,ca156a96-7236-2b1d-ffbe-b090c5ff45d6,39045,50,1,
520,45d9b34a-4617-8558-4ada-7e0717d19034,39044,50,1,
521,cbb51c93-57c6-aa32-92de-481e6d572abb,28540,51,0,
522,e0099b82-2ea1-b3a7-7ce0-db554882a288,39046,51,1,
523,e4c5319e-8c4d-56d8-d636-19bd5511abfd,39047,51,1,
524,331570af-10af-91e5-5616-20419aadc7cc,39034,51,1,
525,5ad32669-7c41-c9f8-0fe7-087eeedab172,39045,51,1,
526,d6774a8f-9afb-bfd3-313c-a1f9186a2997,39044,51,1,
527,5c6be3bf-2e77-ba11-525a-b5b4a3e03738,28540,52,0,
528,17ebc5b4-1e13-1aea-fef4-61bf1c92e9e6,39046,52,1,
529,0e4e3cb0-a0c9-1b36-4930-ebbbf31f7ab5,39047,52,1,
530,4e85feb7-7f3a-53d9-e071-9ce541555f6c,39034,52,1,
531,4cdf1ea2-3c62-4230-8a71-470cf1b009c2,39045,52,1,
532,f992f883-59e9-a756-ceea-72b3b41bb90a,39044,52,1,
533,e45a1bd2-11b4-f82a-65ae-d86ae9a88291,28540,135,0,
534,41c73df6-62f2-4373-b82f-6517620407e7,39046,135,1,
535,99baa21f-6aaf-7520-cef3-d53187cffa63,39047,135,1,
536,9fa0d2bb-abed-f68a-b624-ae0bcda7149a,39034,135,1,
537,4f7cbd86-f803-f613-a2ca-67aaa81d4eea,39045,135,1,
538,ae4ecca3-62e1-a65a-5a24-ca5478623c7f,39044,135,1,
539,a4e5dca8-2cf8-47d0-156e-e78639f409e9,28540,136,0,
540,4a8fe539-48a2-9fc9-84f8-64e5d9e2818c,39046,136,1,
541,185e1758-9180-1a65-f21c-1518444ff3ca,39047,136,1,
542,801527a4-e233-ba67-50ae-84d3a2e0cdca,39034,136,0,
543,1d47c5b8-a081-173a-c422-19a7b781d3ee,39045,136,0,
544,c020133b-d4b7-ba2f-e78e-216de3cc13a3,39044,136,1,
545,d4859da8-1085-a701-0c29-3bfa99c1ff63,28540,137,0,
546,0e967792-7ecf-83a6-e80a-03c442bb38a7,39046,137,1,
547,bd6b5d04-fc87-4826-c654-0a144a3e7ff8,39047,137,1,
548,f948196e-7bb5-3bbe-5cd1-565f45eed356,39034,137,0,
549,f070a9ea-4a32-0b44-eaf9-6de302d7c490,39045,137,0,
550,2131429a-645f-29dc-0a8f-21705b27ca2c,39044,137,0,
551,874c3868-38e1-be0e-7efe-6b57b5b191ca,28540,138,0,
552,5e766209-c14d-bbb8-5e03-50c137fc3bf2,39046,138,1,
553,0ff0eb0c-0e41-c66c-3bdc-f6bcf0d8ffef,39047,138,1,
554,6a0b0218-67be-d5d9-9d95-81f05d83545c,39034,138,0,
555,69858824-733e-7478-778e-4041b30a68f2,39045,138,1,
556,6e681534-4300-aeac-3a44-f81fd295774c,39044,138,0,
557,42aff2c1-58d4-c029-d04f-6fe355e08eac,28540,139,0,
558,bc91f153-7d9f-cf88-2527-a24203e302dd,39046,139,1,
559,57da1740-7e9a-3df8-12dc-49a5ed8051fb,39047,139,1,
560,f3955cbc-dc2b-505e-c5b9-ae81ba6b5344,39034,139,0,
561,9250feac-611b-0516-f822-fcfab20558e9,39045,139,1,
562,15b293dd-030f-6bfe-4496-83b7f28cba7d,39044,139,0,
563,97bf8e90-3a36-a71f-5cfa-ab51b1e412a6,28540,140,0,
564,ad50c403-3c5d-5088-9904-abc1dcbaf283,39046,140,1,
565,3d15b942-f4df-75d2-e75f-01d58b5db647,39047,140,1,
566,9fdc2ab3-fbb0-eccd-e836-d1bc91b1c892,39034,140,0,
567,7c3d1089-c8f3-8c68-e109-349e5adbac8e,39045,140,1,
568,43f20da3-94ee-8d65-a59e-7dcca65b0269,39044,140,0,
569,b9071f7c-2bd4-6437-ff43-e40e71e60900,28540,141,0,
570,a96da961-8f3b-786f-1d0b-ea26760f1dca,39046,141,1,
571,2c2f9add-f6e3-3039-e06b-59765f391320,39047,141,1,
572,590d3549-a210-6e33-2546-1ac659c5dda4,39034,141,0,
573,4018bba0-5e81-61c5-83c4-23aa5f20cafc,39045,141,1,
574,b6d0ed3a-9d8a-0718-1aa9-679d3dd5e8ad,39044,141,0,
575,94b38436-51e1-69ad-9130-9f9e58e2cedc,28540,142,0,
576,37f5211c-2ffc-ea08-3d2c-dd8d5242adad,39046,142,1,
577,40a9fc19-e6df-0606-3633-f4969be18a3e,39047,142,1,
578,ff808ba3-e0a3-633e-9d78-f4575a25d44d,39034,142,0,
579,20367028-a0c8-ebf2-3a7f-38c6d1247a58,39045,142,0,
580,02988917-5b11-23d8-3020-874663f00b94,39044,142,0,
581,a39cb6e3-05b6-efbd-60c7-5321159a8d8a,28540,143,0,
582,ffec116c-473f-277f-5dd6-50802d529762,39046,143,0,
583,3db4c0f0-0836-a687-8bfe-bf3c7bf2df14,39047,143,0,
584,dd90a1c5-7ffa-7a07-1b20-b81f815f14ba,39034,143,0,
585,c6822314-d4a5-eda1-f914-f896356d1ece,39045,143,1,
586,11c08b09-2565-64ab-511b-c356261e6cb6,39044,143,0,
587,a266e0e1-9b73-7e96-4647-5d82cc1336ec,28540,144,0,
588,6d4ce5ec-3c59-7f07-86b8-1ae768d60bd0,39046,144,1,
589,f4589fba-9551-31b2-b5ba-99e05caf7382,39047,144,0,
590,589ea179-fac2-b3b0-319a-08237027e89f,39034,144,0,
591,6ee07864-0f1b-d41f-e2a5-e7dc2731d9a0,39045,144,0,
592,7abb1cd5-5bfb-2692-634b-dbc11c9f5916,39044,144,0,
599,b7164fb5-c006-06c3-5298-1a9125d7f367,28540,146,0,
600,1dbd4819-4239-7ae8-b509-f575fae0351f,39046,146,0,
601,bb05c44b-3450-9a56-e1b1-bf09d80bcc27,39047,146,1,
602,925af32d-0482-7615-db50-6afb03e90307,39034,146,0,
603,a46d063e-a525-d3e6-c4fd-d76748eeed0d,39045,146,0,
604,649a8fc0-914f-3cda-3f82-cf39a5030a1a,39044,146,0,
605,049285cc-14bd-a72e-a4fa-d96cbb91ead0,28540,147,0,
606,900e0dde-520b-4b6c-2828-02fc211432eb,39046,147,0,
607,c48f9d44-3fd6-1f25-56e8-63c28a427347,39047,147,1,
608,e7ece2c8-7c9f-8d81-814c-02c46de3a00b,39034,147,0,
609,68f94a33-704b-8329-dff1-0441a83a046f,39045,147,0,
610,8c76fa12-71a1-7df6-1a2a-54f660f5962e,39044,147,0,
629,11ee40af-ff47-bfe5-ea41-ca6faace9b7c,9630,154,0,
630,f07a8d69-25d1-dc82-8572-f52320c5ca5a,54612,154,0,
631,20e50eac-6d3c-9f95-bde4-1b65f0911f05,45130,154,1,
632,6239e4d6-333e-9321-4f31-afe50fd4d217,9630,155,0,
633,4ec773fb-f49c-67ac-e05a-833d0827681c,54612,155,0,
634,70f6e284-6ab4-0a1a-96b9-09d49e463bae,45130,155,1,
635,a3e88e28-f7f7-ca22-1285-c1e6b9370851,9630,156,0,
636,1daed971-465b-8e7d-0c3d-3ad58e3f46f7,54612,156,0,
637,762174cf-faf9-4eed-9f15-8900b0b816af,45130,156,1,
638,0500df59-92ed-c668-5c42-1804631055ee,9630,157,0,
639,2d3ac863-8ed0-89d2-184a-2ca73c1e8c2f,54612,157,0,
640,0863c3fc-6f92-f6bb-c1c8-262a145f0342,45130,157,1,
641,e9e948a7-3d6f-cd59-1c31-a95f11b86783,9630,158,0,
642,fd8a3da5-cc92-496e-7609-d842092ee98c,54612,158,0,
643,b9515132-552e-4dfb-c2b6-5feb30186a59,45130,158,1,
644,fd5a16f2-9d26-58b8-c7da-0b311015f014,9630,159,0,
645,a3c3dc2e-ba52-6e02-8428-010b2ec3e0a2,54612,159,0,
646,e133bc04-4813-496c-7696-bfc908934da8,45130,159,1,
647,38845f92-c14d-0523-411b-81236f648c2d,16,160,0,
648,ad550d7d-e72b-729a-a247-ffcf5cd9d8eb,25532,160,0,
649,06014a93-fa59-5f6d-189d-f0e2829f6bcb,45129,160,1,
650,d664eb65-4cf9-0350-a26a-e71955357b73,16,161,0,
651,0b1d5d41-bd0b-cec2-7f05-19599cbb4c24,25532,161,0,
652,a5511488-58f9-fa5a-26d4-fa21ea00994e,45129,161,1,
653,0e50c8fb-17dd-1fe0-ec15-22f7c61af59b,16,162,0,
654,f4bd512b-5100-7305-827b-4eff26655a14,25532,162,0,
655,b82ba0b6-b5cc-2471-d2e2-58725190a3c6,45129,162,1,
656,1cc1d24c-290e-08ab-94ea-219c82791121,16,163,0,
657,f769467e-59fc-3650-fd8a-7c1baf7a42ac,25532,163,0,
658,5b8c26cd-4e49-c441-effa-81e826526749,45129,163,1,
659,28ffdfb3-246b-8401-8f16-de1c7fca9a81,16,164,0,
660,517fdace-f49e-c95e-48bf-b4d501fb3e90,25532,164,0,
661,7467fcc6-9cf1-87b5-ebd0-5d413ab701d0,45129,164,1,
689,3905c4d0-dff1-658d-4611-70b65f0b0f72,16,174,0,
690,4cbae346-398e-bb68-5fb4-b98de8217b75,25532,174,1,
691,93c146a7-fdef-7b55-fa6c-fd8896d75237,45129,174,0,
692,cbbea210-b814-dd55-a203-7876e47f75c1,16,175,0,
693,ac3599cb-a03a-c230-24c6-6be29c358206,25532,175,1,
694,be656947-f952-d279-d45b-e145cf2e40b3,45129,175,0,
710,c8ddc17e-8a99-8764-cd7b-8b70dc2ae698,16,181,0,
711,d9d2fba7-5a0d-cd8b-3f0b-c5589fdd2a41,25532,181,1,
712,e1fea734-d09e-b80e-284a-469a06320d16,45129,181,0,
713,6fe5a23d-1097-525a-4554-308260a52c86,16,182,0,
714,c104cd5c-7a6c-ecfd-7561-27352ac16a30,25532,182,1,
715,7b611924-be58-bb9f-ba00-b59eca776b55,45129,182,0,
716,95d3265d-7f7f-821b-0449-9c7adcabd488,16,183,0,
717,68081e30-6eda-14c5-527a-bd9e41deea4e,25532,183,1,
718,235a6f50-09e2-1564-6b0e-9ab017ca8a62,45129,183,0,
719,975dbce1-9c3c-7e74-69ef-89b7c1d668d9,16,184,0,
720,114f111c-1b30-fa28-997a-efa9145209aa,25532,184,1,
721,ad4f102f-2bfa-f491-8a76-2057fdf388c2,45129,184,0,
740,8b349724-9487-9a78-c633-6e5911345d37,15,191,0,
741,720ea6e3-0157-72a6-0798-18e267bc37f2,21892,191,0,
742,58f5be85-c82e-b693-9cbc-0638561fee20,43022,191,1,
743,750b8e94-b928-ff22-876c-d040cad0e406,15,192,0,
744,01756673-1a30-0cc1-a653-7dcb0848827a,21892,192,0,
745,4094bc87-7f17-1960-9778-00ea3eec0357,43022,192,1,
746,8c02e4d0-63c3-27c8-497d-59374c5dbcbc,15,193,0,
747,2e5ffe5d-4e57-8c52-8f97-bd5c3baf075e,21892,193,0,
748,b9813f10-cabe-8b4f-ab7f-a1dcde672b17,43022,193,1,
749,1a4d74f1-c084-4baf-966d-d3ee0f33118a,15,194,0,
750,aec771cb-8b6b-606e-752e-6990f188957a,21892,194,0,
751,be35b5f9-9520-01d1-a314-83b265788273,43022,194,1,
752,dee00799-dc6d-5a10-665b-23aeb0fc8c65,15,195,0,
753,2ea4819a-a7c2-3f96-e09d-bb42a508c9c0,21892,195,1,
754,120f4413-acaa-7e29-b7d7-53a5091f168f,43022,195,0,
755,1c99a708-4094-eb40-7dd3-2b5a011ae92d,15,196,0,
756,430c5844-de0a-cac3-d48c-2813fa777f18,21892,196,1,
757,97ef0638-84a2-ee3f-4fcd-a97442fcbe3a,43022,196,0,
758,74f9f2ec-cf23-6235-ebe1-ff39927132ef,15,197,0,
759,3be3b64e-46d3-2c40-86ab-11d018b5a6f5,21892,197,1,
760,99c05bab-671b-0231-222e-b4b523e749f0,43022,197,0,
761,ff15f899-fc1e-386b-3529-2e638fdec9be,15,198,0,
762,be587804-bfd8-52fb-795b-c5f5c3e6a689,21892,198,1,
763,4a7fe619-791a-acbe-4dcd-005b9fa2e62b,43022,198,0,
764,6fcce2a2-c1cb-1ec7-df78-ae84436ad1e7,15,199,0,
765,7912717d-ab8c-e9ca-a65e-fca169920902,21892,199,1,
766,57debdb6-f91b-1613-6e5b-55675ceea56b,43022,199,0,
767,81916e43-6567-71e1-9353-e11be6ea4d74,72379,154,1,
768,d4d2286a-fa73-65af-79fd-59c18270660a,72379,155,1,
769,33c0b3c9-5f0c-bbe6-7dae-cf728236d323,72379,156,1,
770,90664a52-5e6f-1124-82d9-9c2a4e65e6af,72379,157,1,
771,8fa322e8-7269-97ed-533f-1b6ea755a60f,72379,158,0,
772,33098144-95ad-cff9-ba2f-2ccc439e465e,72379,159,0,
773,72e4330a-d68d-fd2e-39d6-62a720bbd10f,36952,200,0,
774,f5ef80f4-4323-de11-c31c-0466556d5b40,26401,201,0,
775,4d4fc518-8a86-9b3c-a75d-bd1783cec563,51486,201,1,
776,e0ceca1e-3b41-46cb-05eb-d71ee8fc5412,26401,202,0,
777,5d0e4711-365e-3445-8363-8164863b69f2,51486,202,1,
778,ce41b1e5-669a-cee3-ea3b-36c4e3be45fa,26401,203,0,
779,5f8daabd-1a53-f859-2054-b0ab6bdc9f8d,51486,203,1,
780,6aa24f8d-97d8-fa30-3883-66e27338e605,26401,204,0,
781,19ab1839-17d9-6844-ae94-b692efa6e011,51486,204,1,
782,b946b2de-ee59-5b5b-b501-72f6b84fb637,26401,205,2,
783,cf1e3523-5bf6-20e4-3a98-ec8528ed0e42,51486,205,1,
784,b9e80f8f-3ef4-fddc-c19a-c555b84659cf,26401,206,2,
785,f07c33c6-8bbe-e144-7f3c-3aa6ad03184c,51486,206,1,
786,00e4d540-0741-e7d9-6298-6b4921ed5ed9,26401,207,2,
787,3fa741a6-e7b7-9ab1-f360-5ceea6b34168,51486,207,1,
788,85ab2022-a47f-39ef-7d16-4a399c6e2625,26401,208,2,
789,b7b904f9-5736-24f6-494f-642c79b3efb6,51486,208,1,
792,23ba6f55-4798-5421-6267-6cbf02c6a9bb,26401,210,2,
793,6859bc02-7374-bd7a-9708-f41758f0e7d6,51486,210,1,
794,fb9b7712-a0a5-1e1f-5133-e1dd2924ea09,26401,211,2,
795,797694bc-b4d9-10d4-d873-c7f0e98f0c5e,51486,211,2,
798,41b7d769-061a-76e2-5a25-daf6120ec467,28028,213,0,
799,b1c7d96c-d46f-2e0e-f161-20fe9d9e4823,4131,213,0,
800,e6ad45dd-3a32-668a-2c86-b03b5fc99c15,9759,213,1,
801,9ceb0ce0-b253-f98c-2e83-bf5b0a41add4,28028,214,0,
802,40e5a1a7-7fb8-7860-e32a-584ddeecc0a1,4131,214,1,
803,97a7b4e9-08e1-5177-fa94-60ba1952be24,9759,214,1,
804,c1b2c6af-ffdf-6c33-5672-4bbbecb0b46d,28028,215,0,
805,1ddb84d4-1307-2cec-bd0f-d57167ca21d8,4131,215,1,
806,eefc8cb1-6fac-1b98-76d4-209533f3ba19,9759,215,1,
807,57859cbf-250e-5fb7-5d6f-739395a13409,28028,216,0,
808,47185f43-7254-ea5d-dbaa-cd02eb903b70,4131,216,1,
809,07f4bc21-291b-365e-475b-7d58e6bd5ec0,9759,216,1,
810,be8941f3-e3f2-e5b1-7d66-a6b1be326ef1,28028,217,0,
811,54417e0f-275f-256b-f3d9-fc2d06041aa4,4131,217,0,
812,3593c700-5d69-54ab-1be6-663739ef036a,9759,217,1,
813,ffbe5d02-e01d-76aa-e71b-7481a49898a5,28028,218,0,
814,b2c3f138-98df-778a-ebf4-1cf3578a83e8,4131,218,0,
815,ff9d7873-d66e-b43b-e7c6-34329ad51853,9759,218,1,
816,574697fa-f172-910e-d381-fdf71b68e4d9,28028,219,0,
817,5c51ee41-9e6b-8ab1-9981-5e89402eea09,4131,219,0,
818,9db29a06-3e8e-eb18-6f3f-ba2222d57308,9759,219,1,
819,87f5a64c-9932-99e3-9d7c-f51fb54106c6,28028,220,0,
820,5aff15b0-67c1-a482-8573-3a8aa3a8d905,4131,220,0,
821,f93393f6-a06d-6e74-3d30-3d2ad82e8a66,9759,220,1,
822,95fcd795-a923-6fff-4338-b3a309914468,28028,221,0,
823,a62cec1b-21f4-e3ba-c8ac-49b7f4f8e798,4131,221,0,
824,09341550-0e18-9bde-3904-a5f5637607f9,9759,221,,Only 7000 copies available. Sold exclusively on Total War's webstore.
825,4eaf261a-c17c-b665-6532-acd30f48b2ea,18908,222,2,
826,99482b09-451b-55f3-cffe-bd5e3f48e4a5,25875,222,2,
827,5f55e39d-409a-9256-3334-e09496eda815,18908,223,0,
828,24814ead-8506-998f-0844-a55e76501d79,25875,223,1,
829,56dafd85-064d-cd42-4569-91478b276911,18908,224,0,
830,95b9611b-3703-3856-38d2-f2ff5a637e07,25875,224,1,
831,fe283105-76c4-1562-30a4-2e829fe58651,18908,225,0,
832,5f974035-2da2-a307-d769-a14c6464c984,25875,225,1,
833,d0c97a57-833e-d6b6-8c00-df3c9e3910e7,18908,226,0,
834,4befe918-08a6-3989-dfac-6bebe8509f1d,25875,226,1,
835,d07fe26e-fd3c-f1b7-57c1-4d026a191a8a,6801,227,0,
836,fd5f1871-68d3-ec4c-0e2e-327808286d1e,53019,227,1,
837,0038a92b-137f-121c-f4ee-f4423396db41,41616,227,0,
838,65350588-9c03-a84a-7444-17a9439b60d6,42943,227,0,
839,e8312681-0c99-975a-a7e6-3940dbe697ab,51531,227,0,
840,af52e209-9e67-9894-9094-8d8a62de85cb,7829,227,1,
841,07b8442e-579a-b78f-09ad-92e393e0f090,6801,228,0,
842,761375ff-1d31-d1c5-9381-413a3e14099f,53019,228,1,
843,fac758b2-51e7-e1f7-7239-b4dd4f8513ca,41616,228,1,
844,126ce287-c23b-fa53-f2ca-3312135696f8,42943,228,1,
845,1d13596e-68e1-13bd-a19c-7276e8454946,51531,228,0,
846,77242ff4-8174-7472-5cdc-bc650cb4fbda,7829,228,1,
847,80593176-51cf-69fd-8f69-7218dc63b6dd,6801,229,0,
848,e6230f68-1300-c026-2d60-e9d2ed12edf9,53019,229,0,
849,0483f103-ba1e-fd1a-8d94-85e725c513bd,41616,229,1,
850,4d7040d3-a669-9766-d284-0e9f4d9d53e9,42943,229,0,
851,4bc03f9d-8ae9-82c6-895c-5da5d3fb1af8,51531,229,0,
852,f74fb9ae-8695-40c5-ae12-f7a1bfb4dc6c,7829,229,1,
853,f5ad2e62-c303-6ff6-cb3d-74527088934c,6801,230,0,
854,619d891e-02d7-8ec1-a79f-51261845ebcd,53019,230,0,
855,18226038-b096-a700-2803-a539bf3d9f67,41616,230,1,
856,caaf7e63-459b-3285-4351-36f5b9ed39fa,42943,230,0,
857,b465cd8e-057a-84b9-6a57-a15bae54585c,51531,230,0,
858,dec1abfb-6aaa-00d8-6d77-27e4d6f4428d,7829,230,1,
859,5cd3bf57-07d2-2ba1-911e-a390cebccca2,6801,231,0,
860,9b3f4585-5482-11c9-daaa-9b04af0c3669,53019,231,0,
861,f790cc5a-ae4c-5a7a-bbd4-4478bfcb343a,41616,231,1,
862,4b69c160-feec-e0a8-f31f-ffac7872841e,42943,231,0,
863,ee85ffef-baa0-4da0-cdf9-9b1992676b6f,51531,231,1,
864,9982ab87-3aea-1f72-426f-c1c70971af9b,7829,231,1,
865,e033b43c-83d7-ed11-6df1-5ad6f628d72f,6801,232,0,
866,9b240f74-d2d3-2dca-b895-89f30bca1708,53019,232,0,
867,06c33b88-3e5f-1c2c-381b-6effe1177227,41616,232,1,
868,acf6c77a-112c-98b4-10a0-0e2206f3d605,42943,232,0,
869,47f52344-2c2a-7074-133b-48131f74edf7,51531,232,0,
870,3ef96077-e5ec-4aa3-971b-534191ddc0e0,7829,232,1,
871,ea600e84-2d38-625e-ee81-154c1bbd8629,6801,233,0,
872,4b2b83e3-d39f-d7c5-95bc-a473d021a662,53019,233,0,
873,ccfc8319-b433-fa1e-117f-162436b70d64,41616,233,1,
874,250b05f5-85e4-4e53-1922-4d54dbd4ebc0,42943,233,0,
875,c84be538-3421-f768-0310-24a398e17e80,51531,233,1,
876,8993b750-9359-4bf3-22b5-681b6e27b0e0,7829,233,1,
877,c69b78b2-92d3-5fbf-831a-7b73283cf336,6801,234,0,
878,854278ff-5030-ab49-ab36-d55700af743d,53019,234,0,
879,99634e1d-ba43-3110-fe3a-835939c6d753,41616,234,0,
880,8c4e25ad-b79c-0063-fafb-b930e0d2ad64,42943,234,0,
881,f27f3e92-540e-af03-0687-908e6be1f568,51531,234,0,
882,4ad85aec-0373-319f-a53f-203ac27d9a7b,7829,234,1,
883,ff2a158e-299f-d385-7faf-5a14b4e1c15a,6801,235,0,
884,96159320-c03c-5189-5182-60f22a504a26,53019,235,0,
885,d62b241f-07f3-0ae0-2626-96dd78f6c169,41616,235,0,
886,0b4850ab-2384-9ba4-460f-a0d3cc175c11,42943,235,,"The Limited Edition is a “First Edition” pre-order only release, meaning that all pre-ordered copies of Far Cry 4 get a free Limited Edition upgrade."
887,404bcfc1-a94d-7954-f708-b2e0742ef0c3,51531,235,,Exclusively sold on Ubisoft Store.
888,fb3ab4ae-8c15-3d13-546e-40d4f64ea99f,7829,235,,Exclusively sold on Ubisoft Store..
889,55f9af7d-fbe3-3d09-f45b-2510d4e7a558,6801,236,0,
890,2a342456-487d-7209-da2b-1523024678c0,53019,236,0,
891,7b84096d-639b-1d5e-0105-ceca76955500,41616,236,0,
892,a09704d3-4d1c-08bc-54dd-153752f2a939,42943,236,0,
893,49bafaee-441d-c9ee-11eb-015503e6f7a0,51531,236,1,
894,abf21244-5427-c85e-13bb-95237164b87f,7829,236,0,
895,f11aa461-28c8-4dc6-5ec2-42f65dbf10bd,42955,228,1,
896,9be8078d-0f76-341c-14f6-67c6d2dcdfe0,42955,231,0,
897,7f5250fc-3b7f-1549-36b6-59d6ff180db3,42955,233,0,
898,8604de93-2b4c-a6ee-451d-3c0f044bcc4f,42955,227,1,
899,8201237b-58c5-73fa-4c3d-cf09979791ee,42955,235,0,
900,2861dd67-3eea-b757-3ab8-4b538425c256,42955,229,0,
901,114a0eff-5800-72bb-d889-b581af434bd5,42955,230,0,
902,9b75f277-ac1c-4d5b-6f52-d67b7631d5d0,42955,232,0,
903,fd35116d-c6fb-2305-8a4e-1bd003b99735,42955,234,0,
904,c1f959d3-4a4e-797d-77de-95ba967c7a9b,42955,236,0,
905,7403c2f2-9dc7-e405-14d0-379446e33eb3,38025,200,1,
906,cfc86c5a-ac15-afe6-a91f-581a8f02828f,52133,200,0,
907,4acef238-3048-a1d3-f0ff-f4d658427c2f,36952,237,0,
908,c78bf16f-e13b-58ea-b6a3-82da5724aa0d,38025,237,1,
909,03840fd1-c0b0-75e7-bf84-c98653e94198,52133,237,0,
910,5d372b4c-0d74-be9a-fe81-e3c312a275fc,36952,238,0,
911,850c76fd-e1db-e2b5-8311-7694e1667893,38025,238,1,
912,eee8bb2b-0950-153b-ca1e-1e85d2ba8cbc,52133,238,0,
913,c130f6b7-c033-72fc-1154-fba0dcb5ed09,36952,239,0,
914,eb79e48d-4a34-2a71-3bbf-537c7b262334,38025,239,0,
915,2cc0e371-6477-d67f-f285-2e7d55ead9c3,52133,239,0,
916,46889e24-45c9-9d17-0884-a1a716b0616a,36952,240,0,
917,e56ee886-5074-de93-2ef4-44fb35819e7a,38025,240,0,
918,bae45eb6-7fe2-16b4-0c9a-806abe5c7d83,52133,240,1,
922,15555bf2-92c7-2fa0-7dab-55a9b9cb052f,28540,242,0,
923,fa710236-37b2-bce5-b044-724fe8f1e1ea,39046,242,0,
924,fdc299ed-1689-fc2b-d57c-07c350ebe0df,39047,242,1,
925,ddf0b903-fc64-b568-eae6-7f4e01ece953,39034,242,0,
926,5bae05b4-eab7-60a8-bb7a-e9a63c0e2a93,39045,242,0,
927,0d4d7566-9849-18d1-e1d0-007c29f9ed88,39044,242,0,
928,c8cadb56-8553-0433-96b7-b74447e9cf13,28540,243,0,
929,88fb7e3c-669d-d798-574a-532c14470a2b,39046,243,1,
930,838b1407-d850-f2b9-0d27-aa275be67d90,39047,243,0,
931,0140acb6-880f-880d-52c9-248836c14520,39034,243,0,
932,b6a60ff0-fe20-a97a-f2b7-5d9df29c6cbf,39045,243,0,
933,f7548337-eada-5d21-12e6-5a97793f478f,39044,243,0,
934,6935bd6d-3114-7c24-ca4e-5219334c753e,28540,244,0,
935,48c6ccf6-c6f5-b3df-e76a-32662e794ac3,39046,244,0,
936,3413b207-ce25-efd3-f784-8fa0688a3cb4,39047,244,1,
937,fb7a8605-6a62-cb32-4927-2acec4323166,39034,244,0,
938,69009611-ea6a-a89e-f0f2-05a4b0bba9fe,39045,244,0,
939,4d694262-97f5-b3ea-dcb9-787e24181b98,39044,244,0,
940,a70d22f0-dbe1-3385-afed-c16f0250f272,11161,245,0,
941,508d1d23-68a6-57b8-0711-9c4550cb6fa3,2026,245,0,
942,507be766-b758-9989-3e14-c0f46edd8779,11003,245,0,
943,a4f88d58-e0cf-7cd7-d9a7-d4e5f53fecd4,9624,245,1,
944,b082a003-1952-10da-8d7c-7d1ba2b376c8,53622,245,1,
945,d3cd25e8-96d4-10a2-574e-8119ba6684c6,7394,245,1,
946,ee15c1e3-bba9-d0dd-78e4-905b22785c5d,5245,245,1,
947,7f7b95cc-bf6a-8a4b-1da5-dbd2bac5288f,11161,246,0,
948,667ffdc3-738e-7e8c-12f0-6dccbc9180ae,2026,246,1,
949,511644ff-2faf-d058-2bea-b9d044935612,11003,246,0,
950,bcf9937a-db1c-4f4e-9b3c-8921b69c3735,9624,246,1,
951,841fd8e1-eb99-4856-dde0-cebbd7acf3a5,53622,246,0,
952,aeeee89b-6d56-a837-bce5-4fa939bdb7de,7394,246,1,
953,9589a2a3-aa1b-8851-13c0-7ba185024819,5245,246,1,
954,78f62b02-3198-b1a9-63e3-5b5413033641,11161,247,0,
955,4efc0ce3-16cb-47c5-2db5-85fb86ef1e6b,2026,247,0,
956,e9717615-ffde-6008-b009-3a0ebea2c23c,11003,247,0,
957,a3337bee-bc1a-0807-30b2-f8e834c05a0e,9624,247,0,
958,46c5e557-f0a9-5fc3-bf54-4e3af181271c,53622,247,0,
959,75706cd1-b7aa-d3c4-ec3f-b8c8b2170e64,7394,247,1,
960,73411f85-979d-ba6f-aec5-693b6074b896,5245,247,0,
961,b77f103b-083f-a5a5-0f07-d3e3e99c9948,11161,248,0,
962,38edc71c-9923-9254-23a1-1b240aee0b2b,2026,248,1,
963,b8b66c36-8fa0-aaeb-1363-28c3b363c7d2,11003,248,0,
964,1d6e2720-6899-6cc5-4987-5d44f89f1eda,9624,248,0,
965,5e0d9d41-bbc5-844b-5654-50ed9ee8cf3c,53622,248,1,
966,160fefdf-09fc-0465-a7cd-145e7b3f2631,7394,248,1,
967,477e41e8-cc92-e30d-2593-58acb0cc2d03,5245,248,0,
968,3962fa5a-9a56-a082-e580-503f820ad649,11161,249,0,
969,ec1115a1-648b-6724-f355-c715f8806fab,2026,249,0,
970,91f15771-3f5a-6d86-7762-f4bb558842df,11003,249,0,
971,a5fcfe92-b219-10b1-e5a4-90ec53b72b47,9624,249,0,
972,56116676-837e-95ed-8a6b-ea0c86ba3919,53622,249,0,
973,8ab5256f-89ca-ef16-14bf-6ae739badce5,7394,249,1,
974,c166810d-3c5d-d50a-f20f-71464ecd492d,5245,249,0,
975,8c69332e-c19e-9818-a8c9-b993cff03143,11161,250,0,
976,fb476591-243d-ab29-32a7-ba89f732fcd3,2026,250,0,
977,d2d7994c-cc78-4ac7-5db3-0a5d7f44cf08,11003,250,1,
978,7fc00d50-edda-aa01-28ea-6522fc7543da,9624,250,1,
979,7cbb3d91-a9e9-bef6-4407-9e49a5471b42,53622,250,0,
980,60154fe3-8397-854d-7c32-d9c939548e9e,7394,250,1,
981,32b36648-8753-1ecb-8bba-196776de32a3,5245,250,1,
982,bf306c5a-019a-d7ed-fcb0-d7d1b1238d6d,11161,251,0,
983,21923bf6-f51d-09ae-2205-317e4edc2cc9,2026,251,0,
984,fe606df1-ac38-de7f-89bb-25f31007bd75,11003,251,1,
985,9e1ba233-252e-c98a-7b24-b0d093df5f50,9624,251,1,
986,bf3e0304-8d33-7966-ed93-764e04580916,53622,251,0,
987,11259441-3229-84c8-ae15-c5b5221a122c,7394,251,0,
988,0982eba3-91b1-5679-0dca-0fc7b964c772,5245,251,0,
989,c008225c-00fb-253d-8e2a-3d524e61127f,11161,252,0,
990,cfec236a-03d0-feed-ec99-dadf7a3a292d,2026,252,,Exclusively sold on Amazon.
991,cdc11ed2-0185-bf90-af83-a48352220c2a,11003,252,0,
992,05de60df-0117-4091-1575-d7e0698ab29c,9624,252,0,
993,077e008f-2a75-d28e-4bef-944b70470add,53622,252,0,
994,abede4ed-806d-ecab-20e9-862bcdec2cf2,7394,252,,Exclusively sold on Amazon.
995,e9281e87-ceb1-c8cb-7966-166c04d480e2,5245,252,0,
996,803db163-cbcc-421d-f3b4-5daf89876958,27421,253,0,
997,7dc5bb64-a2fa-7932-cf20-854dc578ddd5,53359,253,1,
998,77cc79b2-ad0c-9e41-cd90-d02c9f08b906,53358,253,1,
999,bc0b53d6-b246-415c-a119-d81443f242dc,27421,254,0,
1000,d26fc551-e24a-ce62-ed55-fb4fa3d5a8cc,53359,254,1,
1001,85c652b2-feb7-6853-2329-274a758ed48f,53358,254,1,
1002,6e2afa45-bd92-ac39-3d69-764e4311a5e7,27421,255,0,
1003,6af2f103-db4a-f1bf-e904-f073d00a255e,53359,255,1,
1004,098be1fd-4cb4-24cf-cb05-f6f021a3f894,53358,255,1,
1005,26e29859-20af-7b9b-be51-6daa80cd6e9e,27421,256,0,
1006,c7caaceb-9318-1bed-df09-22a101f4a1a9,53359,256,1,
1007,485700a0-c115-91b7-c7e4-582d128d5947,53358,256,1,
1008,0bcc9644-a70e-f8bf-b3ee-8bd88db6ecd8,27421,257,0,
1009,446b98bd-4e54-cbd6-0ebd-492e5882fcd2,53359,257,0,
1010,b7b40122-474d-9027-493f-d8b0e341ee71,53358,257,1,
1011,5e946ede-0b96-681c-35fb-4af633a0b173,27421,258,0,
1012,7e791bbe-f01b-2140-d45e-b9b4b34a0959,53359,258,1,
1013,71f36e8f-f0cd-bb8b-976c-533f658694ec,53358,258,0,
1014,70cecb33-3c69-771d-95a2-75458eda2a69,27421,259,0,
1015,7abd1b6c-1d35-4652-d4df-b204b39e01c1,53359,259,0,
1016,b95c96fd-c74b-ebf7-7fae-f24cd5b463cb,53358,259,0,
1017,298c2fe6-2f95-6e3f-fb49-087f02038b19,36986,253,1,
1018,4fc9aefe-8ef5-be20-bedc-c233fd51c6ea,36986,254,1,
1019,0326a3ec-1cb0-aedf-1dd2-be93163f6ed4,36986,255,1,
1020,e6f1861b-57e4-7a40-3c53-0acc7314028f,36986,256,1,
1021,c0dfae0c-448d-f833-5b76-cf934266fd43,36986,257,0,
1022,1ea5fd24-d30e-561c-c4ef-99ac289d4331,36986,258,0,
1023,ad0da4ab-5107-6d40-3687-2c43e0711cd6,36986,259,0,
1024,3a3e72e9-221d-a16a-454f-9691f849640a,27421,260,0,
1025,6d0c26b3-be9b-9230-71eb-14b26d2f3238,53359,260,0,
1026,23293684-53fe-964b-fe45-1fdc4c32fc59,36986,260,1,
1027,d1d9e866-da85-d5da-5738-cc051f50dea3,53358,260,0,
1028,50325b5f-800d-932a-396f-78995c8fb12f,27421,261,0,
1029,36b20162-0320-3748-2d1f-5336113d835c,53359,261,0,
1030,b894b6ea-d4d4-7d80-391d-22a021ecc90b,36986,261,1,
1031,d7e72513-d5cc-5514-31d7-e72c7ad1846c,53358,261,0,
1032,e043a56e-4bb1-4b0f-cb53-c510a5c061f2,27421,262,0,
1033,f544f315-76fa-085e-7b7e-d1a9c22d583d,53359,262,0,
1034,2e752a0e-7f77-e5ce-099e-6ee5c2d53f23,36986,262,1,
1035,45927a4b-5ecc-b914-7ee9-7603c9d9c414,53358,262,0,
1036,d4abc6df-4107-d89a-2291-e676e1670402,27421,263,0,
1037,ef918904-a437-f22f-a749-52b361d98e13,53359,263,0,
1038,f0b5c954-0cf8-ed7d-c11f-b8cb69dabd2f,36986,263,1,
1039,4418c9b4-df02-0cf7-aa20-74d0f242bf85,53358,263,0,
1040,39eaaf9c-ffc5-6113-01c0-5991d99de365,27421,264,0,
1041,1d2b18c0-6f8c-80dc-5ff0-e2d03c452a44,53359,264,0,
1042,ed0029c3-0a1d-6529-c579-ffce60779259,36986,264,1,
1043,58fe7a80-18d2-59b2-1f1e-2ce1f7f492eb,53358,264,0,
1044,f8dab55d-2cd2-f457-e61d-f7b3fbe5f876,27421,265,0,
1045,8d2a00e0-9609-6782-6369-466ee2a130bd,53359,265,0,
1046,9ba96c85-048e-1c7c-b422-4afe46805897,36986,265,1,
1047,3a8dbd59-1edd-4e2f-ce8f-c57f8367829f,53358,265,0,
1048,c8cd6d92-4c99-7bd5-1131-024a527a793a,27421,266,0,
1049,5f18e173-79fe-e980-26b3-55eaf9038f00,53359,266,0,
1050,f7f79d11-e012-5c0c-841b-6d831ead13d8,36986,266,1,
1051,e8b083c9-23d9-6956-baa0-50c3e07d0a7c,53358,266,0,
1052,8dff59b2-5100-bc90-b31d-a63703e907b8,27421,267,0,
1053,32e49767-c557-b31e-05f0-36eed654b07e,53359,267,0,
1054,c14352e1-8a2a-93e5-79f0-b823c670809b,36986,267,1,
1055,66a5a0cc-5b20-f137-7518-b1516920f8f9,53358,267,0,
1056,abab3d70-0742-7929-7c58-945e728e4eae,27421,268,0,
1057,eb30fa31-5dc4-6615-ac44-aae5e002ae1b,53359,268,0,
1058,bab3c2eb-affd-9f6a-fee7-7765b3dfca45,36986,268,1,
1059,9ff33a38-02fc-7cd4-4243-094e83223294,53358,268,0,
1060,f4434be8-2370-88e6-40b7-5016a06f4339,27421,269,0,
1061,1d8c2082-1c7f-fc48-2e39-cf672c61ea0c,53359,269,0,
1062,2e24e49e-e25e-4ee0-87d3-bba07b182180,36986,269,,Exclusively sold by GameStop
1063,9b565837-c0df-8305-8f30-35c09d3efb05,53358,269,0,
1064,a6eaaef7-7133-bef9-8a38-dd4a63d66104,9630,270,0,
1065,281abd75-d71c-3ee2-8988-3175b6bd98d7,45130,270,0,
1066,0d8b0635-8485-76c2-7d2e-07656a6b0745,54612,270,1,
1067,5743c259-54e4-ae63-0782-224defeccf92,72379,270,1,
1068,eb3e3ee7-f711-2cef-1409-0988515e8934,9630,271,0,
1069,d1337872-e962-8570-c3e2-6373e7faca70,45130,271,0,
1070,7fc35c5b-54ca-a8a6-ab48-7efd00c372b3,54612,271,1,
1071,ce4b520d-5c00-c893-c6a3-c1f3ec221671,72379,271,1,
1072,b7bad9f0-9c41-b5c0-3792-1894e28d549a,9630,272,0,
1073,7a2edcb0-bf6b-34a3-a094-99cd93059bee,45130,272,0,
1074,695bd9db-9f49-c888-c715-237e4dc45a35,54612,272,1,
1075,5dc455bc-e960-1ff6-00a5-3fcde6cbe4e9,72379,272,1,
1076,83a58ecd-09f7-fd61-0289-f63432e593cf,9630,273,0,
1077,bed171a1-95b7-ddee-3a10-e79b7cdc68cc,45130,273,0,
1078,5df6cef2-d3fa-ed3b-1c39-84970dec0b29,54612,273,1,
1079,06ab0fb8-ce5d-bbe4-3e21-21ed77062b27,72379,273,1,
1080,d3a2588f-9abd-470f-ce7e-9700093b548a,9630,274,0,
1081,32bdd49b-ea8e-9ce2-9d89-9ed18bef6584,45130,274,0,
1082,7be93070-d9e9-027c-61bd-950d80a4ea49,54612,274,1,
1083,bbd9efb5-1cb5-6433-bb11-d9e56bd2a0ac,72379,274,1,
1084,bb7f55a2-2fa2-6720-f86e-a727d2bee434,9630,275,0,
1085,74bce4a6-8304-3ccb-adf5-24ae48d6e664,45130,275,0,
1086,c26dea57-2c71-18fb-51ed-93090cb06534,54612,275,1,
1087,9c6df207-37c4-2260-2ca5-f5fb7317e06c,72379,275,1,
1088,f1806449-b161-c34b-2e86-fe7d8445ca14,25657,276,0,
1089,2e4404f5-7a40-12d6-e117-ae2760fcecd1,52887,276,1,
1090,0346ee79-4a52-cc93-76f7-d10132df7482,25657,277,0,
1091,f8769184-762a-fe75-1f0c-9c91c5c0f4cc,52887,277,1,
1092,166399c8-faff-55f8-4b6f-220c23937041,2,278,0,
1093,c39dcbe9-adf3-b4aa-fb17-cd347a987659,9227,278,1,
1094,0824c07d-9fa1-95e1-7804-91c755284e68,2,279,0,
1095,f347e39c-a6f5-6e0e-3c97-b24009517315,9227,279,1,
1096,86b9b820-66dd-92e0-a81c-e06fd7b35a3c,2,280,0,
1097,4468dd99-a47b-51a0-b1d4-121a91b6a1a6,9227,280,1,
1098,39400e24-e161-1158-ef44-4da3ec7d61e6,2,281,0,
1099,42671968-402a-bea4-33cb-98d7d2df0440,9227,281,1,
1100,fc66bf0b-cf70-a841-1dc0-94e22dcfe1da,2,282,0,
1101,d14b4034-9b43-8e73-5645-d596e24f33d8,9227,282,,"Some other changes from the original include a re-textured version of Down in the Bonehoard, a major gameplay and storyline change in the Lost City mission, a tweaked Undercover, and a huge add-on area in The Sword, which by itself is roughly the same size as the original mission. "
1103,429ab31b-7875-003e-dc9f-d5c17671d021,72381,191,1,
1105,101c04b2-2419-8f84-26a4-90d5db3b0423,72381,192,1,
1107,ef5e24ad-98f4-fa74-45e7-3e844239b29e,72381,193,1,
1109,ad5ce9dd-b158-03df-7183-223b2b1ee2bc,72381,194,1,
1110,899e8b47-d730-f150-f131-57d635bf5fe4,72381,195,0,
1111,68cf8fd2-7014-8541-5738-ff62483206da,72381,196,0,
1112,284b281b-49de-5613-a5df-44ab1d1f3237,72381,197,0,
1113,5377da8f-eaf3-707c-4764-eee26ea5e96b,72381,198,0,
1114,0285c4cc-130b-165b-13a8-95e26ba710d4,72381,199,0,
1115,201fd2bf-529c-7553-5bfb-e208c5594e81,15,283,0,
1116,eb85e48a-7e91-72b2-7187-a71bcda6f872,43022,283,0,
1117,377fed76-832a-a791-7e60-e0578653487b,72381,283,,Exclusively sold on Amazon.
1118,81a4ae86-8a77-42c0-bf72-faa5ed1aafd3,21892,283,0,
1123,63e7acea-b7f6-b9d5-000c-6f7770ad2885,15,285,0,
1124,20c58a6a-4264-156d-1bd8-2bfcfa0d3d08,43022,285,0,
1125,028a2142-6d73-c8de-41d9-17cfdb9e2871,72381,285,1,
1126,00468971-51b5-092d-c825-2b7a4ee7bfad,21892,285,0,
1127,481518d4-c177-c071-7ac1-06f76fd94e6e,11133,286,0,
1128,89500599-ae9d-f6fe-de4f-f8a14a01019c,41637,286,0,
1129,b440323f-5cb6-a49c-ca6b-e6f70f1e2d00,42941,286,1,
1130,ad1443e6-fe92-a66f-3e74-03a3b471f42b,28210,286,0,
1143,0b798f6c-eeba-9fce-18a5-8ec8c9ac30e5,11133,290,0,
1144,60fd59b5-18f5-cd3b-82c8-8dca9b86f38a,41637,290,1,
1145,6cbdcfa5-93d9-37de-fa6f-1a862aa273b5,42941,290,1,
1146,55578d0f-42fd-3e82-6fc2-17e4c41a070a,28210,290,0,
1147,cb62066a-fbfb-e62f-f69f-e3d6d8e075d5,11133,291,0,
1148,5ad9dabb-ed93-4a3a-d3c5-38df5bfcd7af,41637,291,0,
1149,f0339b44-5daf-828f-fc86-9db31e43a699,42941,291,1,
1150,838aa11b-5bca-02ea-b7c4-ee8dc09fc906,28210,291,0,
1151,788e5a29-c0e7-47ea-c19e-3f3a5023f8f7,11133,292,0,
1152,7170637f-9c38-431e-d322-c733c7618d7f,41637,292,0,
1153,4c560490-3233-c1c5-c114-3e6a76efdaf0,42941,292,1,
1154,19228ee4-a317-c0a1-85c1-8e2b4b3286d8,28210,292,0,
1155,f75ac0e3-05b9-717c-90b3-0d1f97e40a71,11133,293,0,
1156,c4ae4b57-a7f6-6add-018e-fbc450a3fb1d,41637,293,0,
1157,bb957742-8bba-b4f5-f053-cd02367d78f0,42941,293,1,
1158,75b930d7-24c3-554e-2aa1-ed6fedd18d2d,28210,293,0,
1159,200448b7-7405-2743-263f-507ddff7e9ce,11133,294,0,
1160,aa05dc81-b517-2ed0-5950-c9c4483a783f,41637,294,0,
1161,416ae95e-767c-5c70-52dc-5410d33ee83b,42941,294,1,
1162,7f99376f-f83a-0676-f35e-8a6697f0ca77,28210,294,0,
1163,1d9d9085-d8ab-2487-4f71-d3d6eea878c4,11133,295,0,
1164,dda434a6-4ebc-980d-9220-a52dc323bb2f,41637,295,0,
1165,72559c05-b6b3-488b-65f4-e90d3a3f942b,42941,295,0,
1166,8c86df92-578e-cd1d-f12b-02b41e520f07,28210,295,1,
1167,01f75f92-d4ba-f9a9-8738-a964e793ddd5,11133,296,0,
1168,53e4db16-8fbd-d4b8-3b61-138b2a2748e2,41637,296,0,
1169,42d2eeed-b97c-98f7-e7c4-f7acba5a43be,42941,296,0,
1170,648b376d-55e2-0893-19c4-b7f336528a35,28210,296,1,
1171,c5928b3b-01e1-e1d4-4000-b390fffdf56f,11133,297,0,
1172,94240e7b-ebcf-5a9c-0dfc-723f616c5e91,41637,297,1,
1173,87e3c4b0-27c7-110f-db08-dd9c2d4b2487,42941,297,0,
1174,2bf8678e-4f7f-7120-dea7-ae7c7d89e3c1,28210,297,0,
1175,0ed0008f-d346-a4d3-a67e-c2147579c131,47486,293,0,
1176,8c88ec91-cc33-5112-03ad-68bd5bbf6ce9,47486,286,0,
1177,4544f63a-55d8-35d3-84fa-e731566fc0b9,47486,290,0,
1178,632a739e-5557-e249-d6ac-4aced670176a,47486,291,0,
1179,6879ef77-2c6d-8696-dbf3-fb73177d24bf,47486,292,0,
1180,98dcd25f-d861-62ab-5043-8121b9dbe1b4,47486,294,0,
1181,504f75ed-d520-c7e5-6663-f6580ac8e485,47486,295,1,
1182,1135e2cd-d9e1-f529-d529-f6e66ddbfa2b,47486,296,1,
1183,38737c78-665e-bd48-3bdd-214fab157216,47486,297,0,
1184,e786e685-9471-4d17-8b79-0778d56027a3,11133,298,0,
1185,f2fbf3f3-63fd-bb8a-49a4-13ba20b0b94c,42941,298,0,
1186,6a2e38c1-1d55-4035-dd6e-1171c078f330,41637,298,0,
1187,3d9c6c5c-d229-9a12-4680-127cdf308a04,47486,298,1,
1188,8d9fd115-84aa-2cc7-da8e-ed3de3bfa315,28210,298,0,
1189,b92e4259-d499-8144-5484-6422214263c0,9536,298,0,
1190,f9d70a67-2335-db2c-6aa3-47e01a7cdbda,9536,293,0,
1191,d332ba3a-a55f-01c4-28b6-5480a72e1d82,9536,286,1,
1192,7eb1188a-13c2-b35e-d69e-1909438af148,9536,290,1,
1193,93eaaa9d-9888-9c48-7b8b-6605acf9db38,9536,291,0,
1194,59cbc7b7-1ea2-2a93-1aed-5b1973175147,9536,292,0,
1195,d1e8bb44-deae-74d8-718b-b91900de5803,9536,294,0,
1196,6fb2b33c-b470-581e-68b1-2c862bb89917,9536,295,0,
1197,db5e66eb-688c-2691-d287-279c7a516ee8,9536,296,0,
1198,8f8a3290-598e-e179-6389-e64ae1743116,9536,297,0,
1199,5aa77625-cec9-8d1f-b080-c48de8628f71,11133,299,0,
1200,c2cc1681-2798-a0e4-02bd-dd6a7a5ec6ed,47486,299,0,
1201,f05efb80-16d7-4540-acdc-56b8669464c5,42941,299,0,
1202,6a502279-1793-59ed-1e69-c2ddad8e0815,9536,299,1,
1203,c8fba10f-349e-206a-03eb-69b0abed3b74,41637,299,0,
1204,b3aeb1bc-9efe-fa59-11e4-ec1309ad84f1,28210,299,0,
1205,3ae3a0cb-cd41-48f5-3596-d02ef81fa894,7351,300,0,
1206,3163ff24-b6c7-0a9b-4c95-84f47bb0f349,41614,300,1,
1207,a6d176aa-a684-704d-5fb0-c294e2067160,7351,301,0,
1208,61f16657-f117-cc05-3750-6c026804ce7a,41614,301,1,
1209,16fa51d8-1bed-a64e-6337-4d98d65c498d,28204,302,0,
1210,c9bde405-7040-ed35-4dc4-8fca2f2a1565,52717,302,1,
1211,8257d7b4-2f10-d01c-cf50-a1e6f5a1161d,11499,302,1,
1212,e218cf61-74f3-33f5-ce57-62e5646aaa1f,28204,303,0,
1213,8b54e90d-9bf5-f093-765d-546223fd888f,52717,303,1,
1214,e1015a9b-ac39-50c8-36e7-ad3c010e082b,11499,303,1,
1215,edfab43f-bf52-6e74-04da-6ff760c78395,28204,304,0,
1216,ed10765e-5f64-9687-0503-3e226e29c068,52717,304,0,
1217,5433ad20-8352-31ea-84d9-f2806cf7956f,11499,304,1,
1218,35f01112-b56f-584d-056f-28ff40ba1a1f,343,305,0,
1219,5c909e76-1b60-7059-0c7c-88f6deff0cf5,41891,305,0,
1220,e6441f6f-bd0b-97d2-ed01-2225aa400f03,41888,305,1,
1221,516e6cb9-1285-d29e-762b-781b661b07d4,343,306,0,
1222,b10e2105-4426-54c7-255f-a3f80d79c269,41891,306,0,
1223,94f13418-ca3d-8ef5-321f-a945924bae7a,41888,306,1,
1224,8868d2a0-843d-9ffc-fbf9-6714cb16af7e,343,307,0,
1225,6ff3c822-685d-bb3c-374b-ccbe8badb45c,41891,307,0,
1226,2b38cc7a-b0f4-707d-ef09-c171cd293b48,41888,307,1,
1227,63823732-d94b-8dc3-1eba-e3e4492d6d5c,343,308,0,
1228,df34e473-a906-6bf3-592b-2134e3f63cdf,41891,308,1,
1229,8e56efb8-052c-da16-00b9-1cc5de41f653,41888,308,1,
1230,4cb7e781-6585-0d09-2bf2-583c3af5abdd,343,309,0,
1231,bb420935-3aa2-3e01-a19a-09f68c773e60,41891,309,0,
1232,cf932d7c-6b2d-5d9a-c168-3677e8ac85e1,41888,309,1,
1233,de18d829-76a1-9dbc-2ea7-d0e589fe705d,343,310,0,
1234,19e6f295-e2d7-e222-e73e-bd51310e157b,41891,310,0,
1235,7b486765-91db-55a7-0c8e-e0b97d841f0d,41888,310,1,
1236,371b817b-5f2e-7110-029c-1f2f967af9a0,343,311,0,
1237,f9a4d73e-fad4-204a-0b07-81cc1fe7a167,41891,311,0,
1238,d50be6fd-d944-f459-43e3-fe370b44dc21,41888,311,1,
1239,8329e821-331b-3e72-0a27-ff92e61ae38b,343,312,0,
1240,7d422b39-a7c0-6106-04d2-7c21a4db9233,41891,312,0,
1241,705a2277-e7fe-676c-81df-6d0b89993d19,41888,312,1,
1242,088ed03a-15c7-48d0-b872-24e1cab9281e,343,313,0,
1243,0aa64d47-ba8d-b9fd-0687-aba645563e42,41891,313,,Customers who pre-order Battlefield 3 received the Limited Edition.
1244,0b1f20c8-13dd-ac72-bca3-edddec4438f4,41888,313,0,
1245,32252792-418d-a7c9-ad93-5243582c8689,1981,314,0,
1246,dbaf4f0b-6b18-c911-31f5-6c0ad8753059,21862,314,0,
1247,500ea7e8-5760-f9b5-a926-6b6cdde233d3,53573,314,1,
1248,d17e2f16-6ba6-e70c-4839-0233f9e38ead,51869,314,0,
1249,ea341451-2219-75e2-6a4c-e40045b3bacc,1981,315,0,
1250,f3f3a1e1-230e-3d51-7ce4-0434128f8362,21862,315,0,
1251,64551e45-68d1-f576-f702-35b1a71e6e78,51869,315,1,
1252,113abb3a-7540-3196-ef0a-e4396f0fa84a,53573,315,0,
1253,45c0eb9c-02f5-8f23-6152-a03770837ec0,7707,315,0,
1254,1b7877ab-6bad-1b85-d8b7-7226866b0ca5,7707,314,1,
1255,83f34629-c339-a5d4-9d13-84c39f80d8fe,24429,315,0,
1256,b31583ce-6daf-1a13-23f8-176d47a984a4,24429,314,0,
1257,42cb1d29-c311-3e6a-3c48-7f10e7c52a7b,1981,316,0,
1258,fdf45045-2a5f-38cc-4b73-a6c39805fbfc,21862,316,1,
1259,d35da3d3-2901-3b1b-8a01-c0510700d666,24429,316,1,
1260,ed152e89-0a37-4567-061d-e47227ea43c8,51869,316,0,
1261,4f7d2295-fcb5-7804-357a-3ab5d26c40f9,53573,316,0,
1262,0db98905-fe34-ecb5-0ffa-411e3a26f83f,7707,316,0,
1263,4be6cd6f-9e8e-fee2-d370-0edb1dd88ddc,1981,317,0,
1264,1bf88d3a-9190-39e9-ffe9-7f3050ba54b5,21862,317,0,
1265,f121b255-b924-f075-56b2-01a89a7dff4d,24429,317,1,
1266,eb6664b7-c3e8-7c2a-dded-542274238e99,51869,317,0,
1267,69b8b17d-27e4-237d-b067-0eb58c548bbc,53573,317,0,
1268,374b338f-1eea-8bd9-c753-23e8b48dfe97,7707,317,0,
1269,f408facc-3d71-954c-7c5b-01fea6244858,1981,318,0,
1270,95c0a464-8fde-d523-3b8b-fa107554f82e,21862,318,0,
1271,856c982c-65af-3bf6-78d6-d7b85abd58f0,24429,318,1,
1272,4221d97f-e4c9-99e9-dc90-b20afc999522,51869,318,0,
1273,9a8e7589-412d-5e27-dd4b-3e37fd6d0d04,53573,318,0,
1274,a9bfdd28-d0b0-56e2-3537-d65c70a51fc3,7707,318,0,
1275,a23a1f2c-ce9f-6f6f-2671-6587bf99a009,26198,316,0,
1276,7634f53c-c3cb-0a71-838d-3f15c733cd6f,26198,317,0,
1277,422f7037-426d-17bb-1057-d847f8b8c1cb,26198,318,0,
1278,03e8be19-82a3-daa3-3682-a8e654518b96,26198,315,0,
1279,797754ef-133d-2725-d15e-5860fd8369b4,26198,314,0,
1280,6279f623-cdb8-a43f-6ca6-643a5e1d7d67,1981,319,0,
1281,954dae6f-f8e9-5b3e-5cbb-eaa7122f3d9a,26198,319,1,
1282,cd05b439-be1b-e57f-d506-99787eb496c3,21862,319,1,
1283,96ab314a-dcf4-75e1-9f60-751e82f4a2c9,24429,319,1,
1284,07909c75-ec53-9d7f-366d-ca6ad59b7b11,51869,319,1,
1285,b20d5d7d-a1a3-5317-bd87-d848552413dd,53573,319,1,
1286,b1507ae9-fc36-0296-3257-b8b881f1807b,7707,319,1,
1287,d18cfe8d-e3ce-de8d-24bd-b404aac07e0a,1981,320,0,
1288,d7833bff-7853-30bd-6960-c906dc7adc92,26198,320,1,
1289,c5c05182-84a9-5067-c4e2-c98c75609dc9,21862,320,1,
1290,4622ac94-390f-e879-2c2f-863289b924a6,24429,320,1,
1291,d972c5a3-2c10-0e4d-9026-3ba88ed9e7ec,51869,320,1,
1292,5e4c3e62-652a-bb9a-9fd7-fd76f28251ae,53573,320,1,
1293,e28f882f-fcba-ab4b-df28-19be28087399,7707,320,1,
1294,8275224a-ea96-3f06-cee6-cbd540971536,1981,321,0,
1295,1afbf83b-c1c2-e7b0-38b2-709a7366138e,26198,321,1,
1296,9d09c384-07ad-bca5-7e25-cd4c04217b47,21862,321,1,
1297,faa492e0-ccea-4c17-f486-8587bd579efd,24429,321,1,
1298,11e1dee1-6615-899e-128a-a9bf2136e7d9,51869,321,1,
1299,37a3def4-1ee8-4223-36e7-762bd5027db8,53573,321,1,
1300,78c07a7e-edab-13de-9328-a3fb8db29636,7707,321,1,
1301,25d32846-3602-37b8-d2e1-caac10124049,1981,322,0,
1302,00a2f0b2-1cf9-32c2-ad5e-3dd44c607287,26198,322,,Customers who pre-ordered the game received this version for free.
1303,6f8c3853-7606-2951-d6a7-d2b2a3aa50ba,21862,322,,Retail price was 1 million USD and only 1 copy available. It was exclusively sold by GAME. No copy was ever sold.
1304,ab7a12cc-08f3-f713-e865-e4069515a29e,24429,322,0,
1305,aa17619a-923e-a60a-75be-961bac1383c6,51869,322,0,
1306,835fb158-7a5c-0694-71c3-6cf40cee84cf,53573,322,0,
1307,3813c973-4e88-e576-f811-64c894c2d26a,7707,322,0,
1308,bf41b3b1-46d7-f056-7fef-b4a4f244e876,1981,323,0,
1309,2855dd6e-f708-4e27-e9f6-d99e37721d7f,26198,323,0,
1310,63c2135a-404e-29aa-4644-055aa0454f92,21862,323,1,
1311,193e8a71-add4-cca2-efc6-adf97f9b59d7,24429,323,0,
1312,4e0d0de5-d20d-b061-dedb-c6c4176cdc55,51869,323,0,
1313,542410ea-012d-b94a-47bb-5540ea835e9e,53573,323,0,
1314,228f6740-e981-6f43-b808-6d1ba1b40736,7707,323,0,
1315,12392c8f-19d0-8ea7-ec7a-9f49c8ecf7cd,1981,324,0,
1316,aae72e4d-86b4-4819-c55b-b47633a8a47b,26198,324,0,
1317,95e08cac-449d-c80b-c405-d2ffa06290ef,21862,324,1,
1318,d220410d-951e-0004-54f9-b57f73df3c3b,24429,324,0,
1319,c435e9a3-7aba-f5ec-d1a2-3ff50c1c3e35,51869,324,0,
1320,2b5856f3-36fb-c403-b250-781266874975,53573,324,0,
1321,a783284d-b3e3-0de0-29e4-e8d8c8eb4e32,7707,324,0,
1322,d9042ed6-c7da-a5bb-3738-07abcd7aaaf0,1981,325,0,
1323,37074f0f-e60a-517c-2fb5-e3ea0c2dc107,26198,325,0,
1324,4220f637-7c55-792b-865c-12b7db4c7f7a,21862,325,1,
1325,0e94c594-4f73-22bf-0825-74b78379149f,24429,325,0,
1326,d23eb2d3-c016-3ff5-363b-d58908550540,51869,325,0,
1327,25031ff8-368e-f0a3-ab36-779a7c25630a,53573,325,0,
1328,7bfaf067-543c-4fd9-77dc-dc78a7ed7f9e,7707,325,0,
1329,dc094259-e63a-215b-d3f7-f568e9ffcbfe,1981,326,0,
1330,e809bec5-693e-9ff2-82da-5ecdd341bdb3,26198,326,0,
1331,a89b242e-b73b-2332-2a12-3ea0f8609193,21862,326,1,
1332,d16807be-3c0f-3a78-228c-63f4a1a59c87,24429,326,0,
1333,e5fd3ff6-4e34-5f16-32ad-31cdfd9e7cce,51869,326,0,
1334,e3272a69-4682-8bb1-f410-5968e894d2d4,53573,326,0,
1335,67e0407b-237d-5d5d-9b0e-143a416b371b,7707,326,0,
1336,0164ca12-07ee-4aa6-d5a4-edad9d62083f,1981,327,0,
1337,60c0cb24-77bc-1e23-da2a-9b60b3c17067,26198,327,0,
1338,576bd3b6-3b30-d5ba-4561-fde0e0d3cd40,21862,327,1,
1339,7566d7e6-e506-c26a-1de4-04140ae36234,24429,327,0,
1340,b7e82be5-5113-b070-c58e-075c77b1d709,51869,327,0,
1341,885e11ea-69d6-ddbf-2ab1-f22f9a19d0f5,53573,327,0,
1342,97bb66b1-9e8c-4747-6ce6-3cd0d5f44d04,7707,327,0,
1343,3059a067-1afe-aa44-a88f-8b875c75234f,1981,328,0,
1344,f1d5b900-678e-55ff-ef18-5be7a0347e6d,26198,328,0,
1345,26196811-4f28-6598-b360-38c7105fe6f5,21862,328,1,
1346,c0b699fd-480a-02f2-b242-94ed54979da9,24429,328,0,
1347,9bbcb618-2376-ae54-0d5b-a29a98955cb3,51869,328,0,
1348,e337454b-7aba-1644-e13e-05fe0227d562,53573,328,0,
1349,3bda5bb4-d941-47a8-b191-0b30ae8be8e8,7707,328,0,
1350,79a3e086-78cc-b7c5-196b-2123da085db2,1981,329,0,
1351,38f7166a-7097-7f19-1f04-908a74f73670,26198,329,0,
1352,1de50793-e5e5-bacc-b6ac-162f2a403981,21862,329,1,
1353,c6720c8b-0ec9-b6c2-e266-cfa28d2a3cc3,24429,329,0,
1354,0549022a-c716-0e70-1569-aa1a529fc22d,51869,329,0,
1355,4bbfb084-f187-ed0a-ea0b-20800052b743,53573,329,0,
1356,b518d6f7-7bed-50d9-e6b7-f6824b2d0534,7707,329,0,
1357,8692e658-2510-b5b8-6bdd-0acdba5cba3e,1981,330,0,
1358,c12fc84e-0efc-3c68-64e4-67966315760d,26198,330,0,
1359,f1860f4e-aef8-095c-edf5-7c8c9684d0a2,21862,330,1,
1360,62e6d4ea-aa91-481a-a1da-fdf2e4fabbb9,24429,330,0,
1361,19592f4b-1061-8285-f30b-65cfd00970b1,51869,330,0,
1362,3e7fcc99-4bde-6617-f59c-b4cde99a138d,53573,330,0,
1363,84544860-91bb-eb21-d862-b37235654a99,7707,330,0,
1364,2e8a5e19-93f3-3d36-baa2-3358a079f514,1981,331,0,
1365,3ca07484-f42d-e7cf-9da0-1ab137e437e0,26198,331,0,
1366,a19fc0af-f56f-3bf5-06b5-4df7af257401,21862,331,1,
1367,6d7afd1c-32c8-d6b9-a7ac-7bf790130e21,24429,331,0,
1368,36281f0b-b11b-6369-7a1f-3087eaa9a7e7,51869,331,0,
1369,0a9b6a4b-63ce-4958-3e25-29b26f9975a7,53573,331,0,
1370,7c695f06-686c-0c10-cc1f-97fc021aa5ba,7707,331,0,
1371,8d7ee86a-21e5-5139-2472-ffa0b7656408,26766,332,0,
1372,e0ed496c-6629-c3b6-2075-911abc26a27f,27298,332,1,
1373,3e4a1fef-772c-dfe0-1eaf-692349a362cb,26766,333,0,
1374,fb4b9e3b-3e0d-989c-4db9-c1aac2b355b0,27298,333,1,
1375,2a1c68d6-328a-e517-819b-2d77625c59d3,26766,334,0,
1376,d4e40467-522a-ef42-0996-ec7defc6579d,27298,334,1,
1377,a8e509ac-5c83-b78d-1bd3-3023dca1d721,109,335,0,
1378,13328f7c-e841-697f-b5c0-befbdfcf15c7,47398,335,0,
1379,6bcd4839-b373-cb77-0046-759a79570c97,59849,335,,"Plays natively in 1080p for the PlayStation 4 and Xbox One consoles, and stunning 4K for PlayStation 4 Pro and Xbox One X"
1380,62b8ad39-609e-c366-ec47-9db73f1ca5bd,59848,335,,"The Switch edition includes a Joy-Con mode with gyroscopic, gesture-based controls, HD rumble and new wide and over-the-shoulder camera angles, plus contextual touch screen controls for portable detective work."
1381,cf831698-86c3-4e8d-cd89-c150bfd506fe,109,336,0,
1382,562de49a-8963-e622-b9fa-6fa10d6fed3a,47398,336,1,
1383,a6c71648-e69e-2cbd-0814-bce6624513ba,59849,336,1,
1384,82c5fada-f41f-7ee9-c815-616889d91dd3,59848,336,1,
1385,bbbd8ba5-dda3-f4dd-8275-2e6701e4ef1f,109,337,0,
1386,2202c5fa-fb04-cace-87e6-4082252cb699,47398,337,1,
1387,9742d194-6825-d814-7187-4c0e661f305e,59849,337,1,
1388,070b8872-d689-9df5-9251-2185ddb496ae,59848,337,1,
1389,95e142f3-ec2f-cf28-c1b7-6b7387d6a484,109,338,0,
1390,436eb2ac-b15d-a962-9ab6-416a6bf94f64,47398,338,1,
1391,6a3f6c99-350e-2d02-17f8-14fcd189f9f8,59849,338,1,
1392,e6a83bbe-cbfe-9290-440a-f2023a02b793,59848,338,1,
1393,1b008b63-ec50-1268-d1cb-34bcfee15d46,109,339,0,
1394,18f53442-b80d-33f5-d462-6a5c9edb511d,47398,339,1,
1395,f967ca5e-a275-538e-3ca0-27b6bee34e2a,59849,339,1,
1396,5ee32607-3f4b-64b6-9563-7f095ea9bd11,59848,339,1,
1397,eefab151-a74e-1de4-3712-217d40cb0aaa,109,340,0,
1398,6da54f28-ca19-0027-0cb3-ca9f35a2f9a4,47398,340,1,
1399,d5ba1b6f-bc30-9d56-602f-70b592598c53,59849,340,1,
1400,47daa666-45df-8c3f-6ac5-4302521ffee5,59848,340,1,
1401,32bd779d-58a7-07d5-74de-df3be61e5720,109,341,0,
1402,6cb528c8-fedd-1dc3-abb9-3138dbf91725,47398,341,1,
1403,298ff0fc-1551-d9b5-a1e5-d8144637b9e9,59849,341,1,
1404,9cb17b7a-d4c8-7b0a-c799-a5dc9c5f14fa,59848,341,1,
1405,10c0e56f-4e31-5301-327b-927c48aa214f,109,342,0,
1406,dbe44163-87c7-22fd-7e08-b7a2dc9e6058,47398,342,1,
1407,64769a0e-1591-83c5-7289-84325ecd8384,59849,342,1,
1408,946166de-1ec3-3fde-c169-465f716cf704,59848,342,1,
1415,acb3f7d3-92e8-80be-1b22-42785671a631,60,345,0,
1416,a0959f1b-559d-1fce-1f30-c0dd8602c8ed,65,345,,"The special edition inludes updated graphics, audio and voice acting."
1417,ecf7df0b-b90f-ba23-f7be-b8b5812ab7b3,61,346,0,
1418,813895c1-49ca-32c3-5931-e01406d3b428,66,346,,"The special edition inludes updated graphics, audio and voice acting."
1419,7bd7ad39-47c8-e90d-c7cf-3178e2546aec,11567,347,0,
1420,28751524-8781-a66a-e9f9-41796118c017,51995,347,1,
1421,e9ccf710-bdce-628b-a3fb-9fbddde87f6d,11567,348,0,
1422,29bd8233-4cc1-60f9-876a-0e26e85c4939,51995,348,1,
1423,cf1b8f0b-ab6e-d7db-d4a6-48c13b867dd0,11567,349,0,
1424,7c8878a4-db3e-92ba-9d87-0f0550eb5ee4,51995,349,1,
1425,45882e8f-5f6a-ad61-ba81-adac798798d6,11567,350,0,
1426,15b7efdb-38de-bde4-8255-4c46adb397bc,51995,350,1,
1427,1b94fb40-e24b-40f6-eef3-b902f9d43b95,11567,351,0,
1428,074bdf0b-de91-2022-d6bd-9ac76d06297d,51995,351,1,
1429,c4270a35-f4d7-143f-a285-6c8587c9160f,11567,352,0,
1430,b8b60203-5930-bb0e-f111-b46a24319ee7,51995,352,0,
1439,f85a3c5a-b6e9-9c04-52db-83cbf65405db,289,355,0,
1440,9221aad7-c053-ba32-ebdc-23a9524a2906,37059,355,1,
1441,2cfc1b43-2850-53d8-6670-42c9741f94bd,437,356,0,
1442,8d7ac774-5bda-2ead-58ec-73b4d2bdf643,35894,356,1,
1443,e18b0d7b-4c36-de8b-1767-c2f4801575d6,53336,356,1,
1444,7424dfaf-90f7-39cd-4de8-f690b61e33bc,8173,357,0,
1445,13037846-f95d-412a-f548-0d6a2040cad6,28061,357,2,
1446,a9550d3e-e4e1-f130-6433-3ff5ad284a4e,44544,357,0,
1447,7566b13e-a366-e27e-2296-3c4aa1c93bf0,21229,357,0,
1448,63130fb7-4327-9cee-ca89-1d965570a6d7,8173,358,0,
1449,30c34f8c-cbdc-a9fb-9f35-d1e47cc5a531,28061,358,1,
1450,a5c7bc65-52bd-749a-05de-07bff2e65212,44544,358,0,
1451,0e7c6771-e970-b210-81de-5cb54be9ae2d,21229,358,0,
1452,51a0b8ce-8d81-b5b9-6f4b-8bb1f05629b1,8173,359,0,
1453,74bb6255-6b03-65b2-4e53-20ff1c04cf16,28061,359,1,
1454,df963ab5-f66b-b308-7418-2763c020add3,44544,359,0,
1455,5c84ec76-5eba-a0ea-4b9c-d4e5be5f8169,21229,359,0,
1456,d425de78-7849-78d6-0c00-f031d21726ed,8173,360,0,
1457,9345d2e7-e0da-5f82-1409-a7ada3e9bdbe,28061,360,1,
1458,9c104819-c1b1-5172-1dc2-778e6403cfdc,44544,360,0,
1459,8d80912f-97ea-48d7-af74-0dae83236460,21229,360,0,
1464,6b88200d-48db-4986-4022-d2dcd0df3bb0,8173,362,0,
1465,3d308f81-1ee0-33fd-fe02-50f9b89048b6,28061,362,1,
1466,2b6ab40e-9cf7-addb-cc04-9260bfe9376c,44544,362,0,
1467,9f2a421c-5abd-5f6d-cf86-3dcd3afbd843,21229,362,0,
1468,279c594d-825d-569c-5842-f320e961d1c4,8173,363,0,
1469,f896bb5a-b9b9-540f-4459-6e255d226289,28061,363,1,
1470,8c58d181-7898-628b-667a-bd432b7df3e6,44544,363,0,
1471,9809daa1-95e7-8468-50b6-a57cb476ba59,21229,363,0,
1476,2e7e5446-af05-8193-f94c-d84cd45c01ea,8173,365,0,
1477,01f2eb65-10bd-e872-c6c8-740934333647,28061,365,1,
1478,261915ff-c004-5864-f594-fdf9144a9cab,44544,365,1,
1479,d20d9ec0-5f26-51cc-1160-17556488a067,21229,365,1,
1480,d56b86d6-afe3-9c5c-c28b-250cfebbf329,8173,366,0,
1481,7d7f24bb-f7d0-6aa8-6b4b-6ab50bf850ba,28061,366,1,
1482,a89b6083-dc0e-c1b4-8492-8167c8be3dee,44544,366,1,
1483,cafc6ab9-6614-0363-060e-91e79838e004,21229,366,1,
1484,a379386b-5c4b-35a1-77a5-4500ecf2c432,8173,367,0,
1485,60deb0e4-fee5-8745-7694-446ae95e95a0,28061,367,1,
1486,40c7a4cd-ca1c-02f1-2873-077579c0c435,44544,367,1,
1487,3590e337-6f9c-4e1e-233d-e94299feeab0,21229,367,1,
1488,2eacf2e5-6187-1571-1ff3-fe151d5dd007,8173,368,0,
1489,3d7f49e2-98bd-4f22-b546-5a747221d038,28061,368,1,
1490,48476492-0430-d7a5-fe1b-85ccf8b1ac5e,44544,368,1,
1491,fe2720c0-b0b8-b90a-310c-c9202b38f99c,21229,368,1,
1492,80fda216-c8ad-bba8-1b06-8a16d98126f8,8173,369,0,
1493,deb4d377-db42-39a5-fce6-d1bad03e8b7a,28061,369,1,
1494,d33bd88a-d493-1a74-0da8-116524d683ed,44544,369,1,
1495,6ce3a71e-95fd-71f0-395d-32d47295a750,21229,369,1,
1496,44e34b6a-950b-b4fc-eac5-56fa1a6cc276,8173,370,0,
1497,1a37bcee-1859-e66d-7477-7242ae2ee62d,28061,370,1,
1498,e072ef9c-458f-f5f9-ebb1-7701320b27f1,44544,370,1,
1499,85fa7f5e-d391-96cf-4947-1167634d828d,21229,370,1,
1500,cba2dfdf-f676-f735-989f-5ef370482dd1,8173,371,0,
1501,98ac5c9b-0762-b7e5-5816-d828b456c069,28061,371,0,
1502,08592aaa-4365-eb74-b36d-3e7adb0afa9d,44544,371,0,
1503,1c05a66a-b854-41f5-37c3-a30fa00893fc,21229,371,1,
1509,c6403257-d4d6-a89c-90b8-42060f3b0902,1164,373,0,
1510,eaf980dd-f5c2-565e-f781-14fbf0e60f7c,74555,373,0,
1511,23a81aa6-8be6-54a3-a0ce-0c61f6e5989e,53817,373,0,
1512,7cd91ad8-0eb5-d7fe-4088-aa16fedcfecd,19965,373,1,
1513,708fc29f-97cd-0761-3444-115deecf8456,53818,373,1,
1514,82ceab2b-1719-ae11-a4de-8d3f65df757e,1164,374,0,
1515,81854bd2-37b2-7fb9-9118-4ac5442d75fa,74555,374,1,
1516,513eb8d1-d204-0d94-9f85-431d7da39f78,53817,374,1,
1517,8d184d12-73d0-9a11-f16b-f9f81d6c49b8,19965,374,0,
1518,dc919eb5-1343-7481-5917-37d7c10a3bfb,53818,374,0,
1519,91c68964-52fc-ecf9-c743-03fd82d42485,1164,375,0,
1520,d21ada80-ffe5-5d50-d2a5-456cc29dcd7c,74555,375,1,
1521,46963d48-ab84-8dad-6534-ac370a899d45,53817,375,1,
1522,02d3a92f-e5ea-945e-6a4e-835218ee74ba,19965,375,0,
1523,e5780755-b88d-735b-976f-371bd62d6faa,53818,375,0,
1524,294c1635-754a-2330-6604-db118a5e1831,1164,376,0,
1525,09fb3229-7ab5-f24f-35ec-c5f32ba27908,74555,376,1,
1526,dfcec7e6-4902-c389-a6d5-800b190d2469,53817,376,1,
1527,4a52c092-8b64-0178-cc77-58559ec31d5a,19965,376,0,
1528,b51f4706-a4f9-4a3b-dce8-9bbc202a1727,53818,376,0,
1529,d56a99a0-c28a-1859-e662-a38b289d1e27,1164,377,0,
1530,ac36e221-ac58-b1db-cf83-fa031170e85b,74555,377,1,
1531,8cb2000b-2cf3-13aa-a7c5-61857032a730,53817,377,0,
1532,9fef9ffb-dbbf-00e6-7381-7bdb3ee5c8cd,19965,377,0,
1533,7835b35c-9af6-e8ac-f1f6-6a7a7c40f85f,53818,377,0,
1534,9c32447b-4736-67ba-6f14-af9f5d9101e4,1164,378,0,
1535,d9e628e2-64e3-1901-c7ea-d096a0fdc51a,74555,378,1,
1536,124f6c47-4b5a-e1c8-1432-90b1a22f2bbc,53817,378,0,
1537,dcfd56a2-2879-b9cc-1b46-713c554c0787,19965,378,0,
1538,5b651200-0819-49f0-7bc5-d8d2cd9470d5,53818,378,0,
1539,ca613cfd-7fb9-74bd-1538-1d0097c90569,1164,379,0,
1540,32af4ac6-a8b7-6d8e-444b-de4e973b0daf,74555,379,1,
1541,f841d4f6-9162-b0b2-be5e-047efed060f9,53817,379,0,
1542,8d45264b-580f-7815-af58-db2d0d9f8e0f,19965,379,0,
1543,048da051-54d3-db4e-6d43-2e8327116cea,53818,379,0,
1544,000faeee-d6f7-3b5d-2769-dda61cc6d4af,1164,380,0,
1545,56eb8aa7-ad78-70cb-1c24-1cf00fff41d2,74555,380,1,
1546,7e748784-e813-bd9d-eccb-29161fca82b1,53817,380,1,
1547,3a433201-f74b-5fa3-f0bc-a591c337a13d,19965,380,0,
1548,3ea5e8fd-51e9-2725-0ceb-f7fd0535940f,53818,380,0,
1549,5646060e-2435-dd0a-6ce8-bc420d0f553f,1164,381,2,
1550,5c1f40cf-9bd6-d1bd-e442-84bfb304f2f1,74555,381,0,
1551,d20e5fb0-2e55-75c7-c73c-e91a31bfd1d1,53817,381,0,
1552,571a98ac-4445-6fb5-2ee9-54f922763368,19965,381,0,
1553,90cdfb10-ce3e-46cb-12f5-485205abee67,53818,381,0,
1554,9f8d12e9-907b-9598-ee51-4c7c32260d99,1164,382,2,
1555,fc8325b7-e330-c829-c5ca-432d8bd77808,74555,382,0,
1556,cb245676-9ee0-1a1c-0485-c35558505920,53817,382,0,
1557,b156d967-8f7d-7d7e-c233-5921acf83991,19965,382,0,
1558,d89c2211-ff96-19b9-de6e-887e9c60f096,53818,382,0,
1559,b22b0b6d-cd3f-89b3-ebf6-b26042fc1670,1164,383,2,
1560,d07768c7-5bad-b1e5-0815-52341ad0e817,74555,383,0,
1561,56fa2d7b-ef7f-1618-9ef3-83f9ea9bf593,53817,383,0,
1562,b92816ba-d09d-5517-aacd-79e649411b8e,19965,383,0,
1563,a2e650e5-f73b-90e5-8267-806e17dc5a91,53818,383,0,
1564,f0a4d508-215d-9865-77a8-2ab2c7657564,11587,384,0,
1565,3beee26f-dcf2-bb02-0cac-5ab3d44b1d8d,23835,384,,The console version of Absolute Drift
1566,2fbcc743-0df4-0e63-687f-f83272618bcf,6,385,0,
1567,74b31c38-417a-28e1-5d8f-3807089dc8e1,5613,385,1,
1568,6d462f70-b8ce-b4a5-7b4f-169becda29f3,6,386,0,
1569,dccb2270-e11d-2dbb-72a9-e30844d2822e,5613,386,1,
1570,691f67d1-2574-28cb-1e9e-e164341efab8,6,387,0,
1571,aa51d778-91a0-806a-62f9-ea7fa8bc0ecf,5613,387,,A new collection of player character voice sets.
1572,64cfb63c-0a98-36ee-b25f-904df259f32c,6,388,0,
1573,8938b976-cbb0-be57-c92c-9717a424a06e,5613,388,,Native support for high-resolution widescreen displays.
1574,c9bf4cfa-dbdc-15f1-226a-a7a582545788,6,389,0,
1575,cb46abb4-df84-104a-7341-606d8f977bcf,5613,389,,Improved multiplayer support with connectivity between all platforms.
1576,82544251-015e-52f5-6d8b-1d2732a2a916,14292,390,0,
1577,3386d3c1-d355-b0f7-c5ad-963d013b45f4,21813,390,1,
1578,0c939cc6-619a-7832-370c-3af361f32169,52617,390,1,
1579,e5814247-b8a3-a294-dfa8-7472598a7267,14292,391,0,
1580,7f5a2585-6e64-0e73-e33f-eb34b2c5f3a1,21813,391,1,
1581,1db62035-9135-3d01-25a5-9c194d8fbd8f,52617,391,0,
1582,875669b2-62d3-b00e-637e-dc69295415e1,14292,392,0,
1583,ba697398-4336-4bb7-7b76-3c7430a38caa,21813,392,1,
1584,f2baecb1-2ef0-d445-0a36-5932a86de274,52617,392,0,
1585,34255de2-2ad5-b957-f6a8-e91f0582339c,14292,393,0,
1586,478d2b47-f07a-244d-d949-28624e96c14f,21813,393,1,
1587,e56a5e9c-7a07-3784-c6aa-973a52a72bd4,52617,393,0,
1588,573b3947-c707-4be2-4b7e-961cd148eab1,14292,394,0,
1589,83bc8bf5-93e2-e6c3-8d7f-8b1255b139d4,21813,394,1,
1590,e2e097d5-c88d-d6ea-48cf-1f5288f6bbe2,52617,394,0,
1591,bff92bbd-3e07-1148-fd22-6e8c78f55345,14292,395,0,
1592,3e7b3220-6294-444f-37fc-304562e187f5,21813,395,1,
1593,f0702eba-7cb4-7e21-168e-e135bffb3e60,52617,395,0,
1594,aa1f652e-e62e-7b3c-9db5-efeb43163e50,73,396,0,
1595,92ed9378-dff2-701f-5d55-99a8d748e5f3,45179,396,1,
1596,92b63d8e-613a-3bf7-d631-a5b30d2c052e,73,397,0,
1597,e119afeb-f910-b4ed-5403-144dfd277759,45179,397,1,
1598,c3666d53-fe00-f725-e3f6-c7c3fa7104ad,73,398,0,
1599,a19aa96f-2bc1-69b0-8b3c-007fec13bf69,45179,398,1,
1600,ba6dcc29-45c7-6412-ebce-da6731910fb9,19333,399,0,
1601,1f8b5f21-1d23-6566-8d81-c6d48c42108f,52555,399,0,
1602,03572b37-d72c-6e10-c1bd-9409d7296ce6,74318,399,1,
1603,ee29916d-223f-faa0-3d1d-58c5eefd207f,19333,400,0,
1604,098c7cec-6041-da1f-241d-76bba6209fea,52555,400,1,
1605,856b15aa-ffbc-4ef5-72be-800479ae1bc5,74318,400,1,
1606,f175c809-a480-0009-7786-d3182e8762d0,19333,401,0,
1607,1efbcb49-fb59-a8f4-8281-54fd8ce5e0ac,52555,401,0,
1608,1ae9d389-c14b-f6f2-0dec-133503426829,74318,401,1,
1609,c0ffbce6-28af-ab3a-9ef2-a69bd93731f5,19333,402,0,
1610,0cc5750c-3320-c367-792c-50a6214a5adb,52555,402,1,
1611,cfb7adae-4291-06cb-c98c-c75058292039,74318,402,0,
1612,7b41ab33-a19a-4f45-d7ec-9a989726257f,19333,403,0,
1613,bdf1444a-1197-4e2f-0051-da34a3a3230b,52555,403,0,
1614,51f5d1d5-d914-e336-c2f0-f83a5bd1a616,74318,403,,Exclusive to Special Reserve.Limited to 3250 copies on PS4 and PC
1615,4eef91ee-da92-b2ca-74c6-9275b51e1bd6,2151,404,0,
1616,9a0fcdcd-1a02-9dd2-2432-6cfe0b76b096,74897,404,1,
1617,31c24d35-9be6-2633-fe7e-c4ee1795d61b,2151,405,0,
1618,3a941393-a532-bbfe-31a1-56b35c167688,74897,405,1,
1619,0e1ae1e4-5e18-6158-aa99-127ee50bfc8e,2151,406,0,
1620,8a974b13-0f28-b035-0b3d-201fde339f84,74897,406,1,
1621,e36a7847-0829-9bd7-454e-d91d051bc8d9,2151,407,0,
1622,abd6fbe0-33cf-079a-29f2-8c1242a42fa4,74897,407,1,
1623,e697ca44-bc3b-6290-2b84-7ebbcb0b30b0,2151,408,2,
1624,1fe7875a-8726-0a69-f3c9-2f74685e11a2,74897,408,1,
1625,6267ac21-e5b8-f658-561a-c84b1c440882,2151,409,2,
1626,1f26dbb5-aaff-a442-32be-211448d1c978,74897,409,1,
1627,81a35b67-fca7-ebfd-6237-822af26bd890,74898,404,1,
1628,0dae6092-b4e2-8b47-d152-d66b5725319e,74898,405,0,
1629,e94fb3e0-add4-95fd-7d8d-44254d25f986,74898,406,0,
1630,e93ec3ab-793e-f3e4-2a51-e3e180d27836,74898,407,0,
1631,b333ca68-2348-a57e-2576-2c9288df1817,74898,408,0,
1632,6b3f7ce9-ff10-842f-d703-60e7e5b094c0,74898,409,0,
1633,af7e167d-33d9-c6e6-a6e8-0f2a2cfbf28c,2151,410,0,
1634,2ea0d587-03ed-a501-4506-9e1e42c0532a,74897,410,0,
1635,2eb2f6e0-b433-1188-3d59-54f279935102,74898,410,1,
1636,e1cbb49a-4d53-f2d0-49f3-205adf0f835e,2151,411,0,
1637,35882c11-065c-829c-e42b-8c91f4668884,74897,411,0,
1638,1e1183cc-0dfd-33af-2b7f-f0d981e17631,74898,411,1,
1639,ab2bb5ed-f175-bebf-21fd-477e0609acde,2151,412,0,
1640,674de25b-e635-8ec8-832f-fa6d4db9ba35,74897,412,0,
1641,d6027ae8-1171-e091-dc67-b941f920cf7e,74898,412,1,
1642,3513cd0a-41f2-af0f-21f1-3d6dbfbd472f,2151,413,0,
1643,50146dc7-76dd-8e18-0f05-ab4e9b3dd6f3,74897,413,0,
1644,3d95c19d-4a26-b56c-c802-e0d849e0fd21,74898,413,1,
1645,db85e4c3-1384-c4f3-ac1d-4df03b0d85e9,74899,404,0,
1646,3bb4998c-0222-dcb5-c4b2-7d0740c6f305,74899,405,0,
1647,84c208d5-f057-d9f7-fc48-0d02c7330d28,74899,406,0,
1648,93db919f-bfcf-f872-1a1b-b67d67caf585,74899,407,0,
1649,ec2c516b-0ec0-86c7-61b8-c99353ea1501,74899,408,0,
1650,4dd82efa-40e0-275c-cf10-2cc9478105f6,74899,409,1,
1651,3a8a5a96-b3a0-50f4-f307-ddd4e9ce2d7c,74899,410,0,
1652,0cf19810-e7fd-5cf9-a665-864f0d757887,74899,411,0,
1653,59f7f540-63e9-167c-a01d-6a9101837dbc,74899,412,1,
1654,cfda8a51-18e7-996a-41fd-134edc7ea9af,74899,413,0,
1655,0e316bbe-dc5d-d810-f705-56e678f49e63,2151,414,0,
1656,b27648b7-1705-bcd9-b0bc-d7028ee3618e,74899,414,1,
1657,b983f370-cab4-84e0-d23c-d22565f8eb34,74897,414,0,
1658,6afbc41c-d733-59c6-aff3-f5d8c165eb13,74898,414,0,
1659,1e2d5a78-c74c-c539-644c-fe4bd69ea175,2151,415,0,
1660,7a6f6238-4384-24c6-ebcd-86d803060eb5,74899,415,1,
1661,3db16ce8-23b8-c45b-fd30-bd0b10c2997c,74897,415,0,
1662,d77bb9c8-c515-ba58-6793-4c818fc0d74d,74898,415,0,
1663,a4a04061-3df7-5443-5c41-c31463b8476d,2151,416,0,
1664,e9e7cc54-da4c-7290-f2bd-00d074cc1d72,74899,416,,Exclusively sold in Japan
1665,45b32201-5de8-f6ea-01b3-e49641125624,74897,416,0,
1666,47b7d872-23bb-648d-6568-0f107e4aabda,74898,416,,Exclusively sold in Europe
1667,ed901613-8625-6339-5d70-4a3dc997011e,21063,417,0,
1668,c4bb06e9-1013-d752-d2c2-5bb3b1bae800,28538,417,1,
1669,9126dd4e-b47d-e9f5-efb2-fd1df46ee8e0,21063,418,0,
1670,0591daa7-3bb6-0522-0446-22e327a35189,28538,418,1,
1671,80c93a1f-6d5c-86d7-fe41-a0f8b0d5e905,21063,419,0,
1672,eb013339-f886-b76a-99c2-9e17e7389585,28538,419,1,
1673,1659dc3d-95e6-2b6f-2dcd-7d9af7a4386a,21063,420,0,
1674,6517970d-3544-aa23-8dd1-3d2c5ee12dd7,28538,420,1,
1675,8880b89e-1f55-c44a-a62a-3718bb18ca9e,21063,421,0,
1676,ae88c168-363f-a1db-df16-df037c0862a1,28538,421,1,
1677,e19fba90-45bb-d5a2-ef32-fa0884393f35,21063,422,0,
1678,e458f987-beb2-8e58-b1a3-239b17887ffb,28538,422,1,
1679,eef75d1f-d6b2-721f-2828-a14bb22c4046,74,423,0,
1680,c35dae94-2c10-77e9-e9a4-9053d0f0f6c9,43957,423,1,
1681,cb9ad5e5-40e8-e557-96b5-b68c6de8ddad,74,424,0,
1682,1820ec4c-8d76-f35c-89fc-f84653cec4bc,43957,424,1,
1683,be950976-ec2d-502f-77a0-75d39bd0ba2a,74,425,0,
1684,03153791-326f-701c-2fa1-46f70c630536,43957,425,1,
1685,e42f571b-6cae-8d6b-c1de-345f3dda68fd,74,426,0,
1686,0af1d8a1-e96c-7dc6-3636-927e9617ed26,43957,426,1,
1687,328e86c7-bece-286d-7d63-e17b99125691,74,427,0,
1688,f17e1447-944c-2d5a-c65c-2a2a39792da1,43957,427,1,
1689,8528ce87-fdd3-d49a-7d6b-78a006558054,75,428,0,
1690,c7fb50d0-80f8-0de7-35cd-b195de5f9ce0,45180,428,1,
1691,62704635-a77c-2465-ec61-45565c1632db,21697,428,0,
1692,de2c2f6e-700b-163b-bcc0-2a76890d5c00,75,429,0,
1693,2522e7ee-824d-44dc-9a7f-c184cd44fdf0,45180,429,1,
1694,42f55a91-cb19-f907-b3a7-d1246394d0db,21697,429,0,
1695,83c4c0a6-e5d0-390e-550c-e3cfbd147f7c,75,430,0,
1696,50e30e30-14d0-f295-fa11-ee6c596a34d5,45180,430,1,
1697,4397b95b-d6bb-bf0b-cca4-2faedbbe0be1,21697,430,0,
1698,4e372a95-1bf9-0093-d232-6b2b13321c27,75,431,0,
1699,d21bd0be-e4ff-be03-d2b3-b93e1f84ee2d,45180,431,1,
1700,dbc3787c-c7f2-436b-df84-814e2b38d54e,21697,431,0,
1701,e53672cd-46b7-0c61-363b-40ff1f8af663,75,432,0,
1702,87ae4a56-c923-ec29-692a-7ef8a62a150b,45180,432,1,
1703,576f0777-ee22-6a97-985e-726d703f0595,21697,432,0,
1704,8a759e28-be39-5020-210a-6a1e0f5bbd27,75,433,0,
1705,0355cd1f-2272-8317-abb2-ade3d56330f2,45180,433,1,
1706,f13aa005-0057-272e-03c1-866d4de476ba,21697,433,0,
1707,c33b41e6-e5dd-8a2a-b2ab-d2d656e9da1c,75,434,0,
1708,b7ed637c-659b-627e-f7f3-db3c4af55b75,45180,434,1,
1709,ba85419c-10f0-023f-033f-9be33cab955b,21697,434,0,
1710,c8d450da-8244-1b8c-b1c6-4f83e056dcc5,75,435,0,
1711,90f748c5-4dde-8ba7-536a-8bae1a510500,45180,435,1,
1712,efe134fa-58da-232d-1a92-f0bbb31670b1,21697,435,0,
1713,65f5cf70-7785-e5f9-834e-fa72ae3903d0,75,436,0,
1714,80f433d6-c0cf-1486-8bb7-2fb6811d77f4,45180,436,1,
1715,95113ce0-4c6d-49e3-2512-e3b672826b22,21697,436,0,
1716,d56aef61-5edc-1740-589c-3e7e559b12f2,75,437,0,
1717,93b6f3a1-b4ad-69b6-1aa5-b3b5f962c481,45180,437,1,
1718,947e8ee9-16a6-fbe1-cccb-263174e8ae04,21697,437,0,
1719,39329834-5f4f-e3ec-920f-da92499b8049,36662,438,2,
1720,9a8ee73e-e71d-de95-939b-c03dabdfe0f4,23161,438,2,
1721,95a16a57-d319-a447-315d-241f788ddbf7,36662,439,0,
1722,22d7b384-1abd-9b67-6a5e-4fa6e7c3f81a,23161,439,1,
1723,918e7754-e1e9-0127-1018-eda0e8570e80,36662,440,0,
1724,e67ce89e-d6a1-98b8-8992-e3b1db63177d,23161,440,1,
1725,24c204fe-1232-83ff-8031-9215bf4bdb93,36662,441,0,
1726,e23413e7-6f85-e937-39c1-31240acac153,23161,441,1,
1727,70ad2869-30d8-cfbf-aaab-40d3ca513ff1,36662,442,0,
1728,d7ed9a54-7999-6426-66cb-22e9e33a837d,23161,442,1,
1729,2f1b266a-209e-baf5-38e0-caa96427f369,36662,443,0,
1730,9e7092d5-a17d-4a8f-73de-971508ba146f,23161,443,1,
1731,7a48e055-83e0-231e-ea22-1341f5d8bd32,36662,444,0,
1732,aba961ca-d8fd-62e4-a309-c3af45efbec2,23161,444,1,
1733,f8a1f19a-0e31-4ab6-63b7-77e818e7f950,36662,445,0,
1734,2281bfa1-2ab9-8811-012b-d7c56e3c2f06,23161,445,1,
1735,decd64c4-cc61-05de-46de-b2c1f6f87ff5,36662,446,0,
1736,d693e2d4-6849-b28a-0aa1-79c668f33155,23161,446,1,
1737,728dc454-1715-611a-ec7f-4daef30308ef,11186,447,0,
1738,064d64c1-5405-7173-0a13-516a3753f3bd,41627,447,1,
1739,61d24a0f-c27f-cbc9-d32d-ae344a6df9a7,51540,447,1,
1740,1aa665dd-b2fc-56fd-7a39-a6c223dd868a,47489,447,1,
1741,b8d5ab79-6b47-c4d4-4cf8-83095e56d844,11186,448,0,
1742,c737e2cd-bd9b-c657-3881-7979dc403e5d,41627,448,1,
1743,06aedab4-47e0-96ff-bab3-a41433719ddd,51540,448,1,
1744,d096856b-447c-7124-b6ad-ad01d31a7e5a,47489,448,1,
1745,ffbe10ed-96c4-7e65-19d2-5b16397cb5d7,11186,449,0,
1746,36efd4c8-dca7-5717-ca74-b19e3e28bdfc,41627,449,1,
1747,47f62c73-ddde-18d9-7c30-cb2d1962d92c,51540,449,1,
1748,aacc0730-0834-9e60-3c51-1e199809eb8e,47489,449,1,
1749,75dd6500-fc16-e824-7959-c0d173cf892d,11186,450,0,
1750,cad872ef-bbcc-eb3c-0e88-0b0ddb622528,41627,450,1,
1751,2da6e2f2-71ec-5d2d-735c-ed15b5c4c457,51540,450,1,
1752,3eec14a7-630d-8622-8cba-a8b5c45c2636,47489,450,1,
1753,ad716be9-4208-9569-f663-a48d30f51133,11186,451,0,
1754,7a51e05e-2ba3-b476-3d6f-3dc5239602c3,41627,451,0,
1755,c4c85d4e-b34d-f33d-821f-e778bf7f6821,51540,451,1,
1756,a55118d0-a453-bd69-7391-44284593632f,47489,451,1,
1757,783d55d6-f4b6-032a-f858-6a68081c92c2,11186,452,0,
1758,6cd3182e-2447-1782-3204-c5d94fe02177,41627,452,0,
1759,5ea78d60-1a43-3b26-00b6-b96936d94929,51540,452,1,
1760,1ab04759-5989-5ca1-93c9-3121ad1f10d8,47489,452,1,
1761,53a012a7-92b2-8e52-b711-7600dea42926,11186,453,0,
1762,73c35519-9d02-8c02-7ede-933eb83a73dc,41627,453,0,
1763,d36a8a68-a3d1-a258-7323-2fd64c1f9e00,51540,453,0,
1764,e689ab34-9f26-b7ac-d9c2-449e72dadf24,47489,453,1,
1765,0d282354-bcb8-2d71-7820-0b003fc74c1b,11186,454,0,
1766,6e94d9ab-f2fa-b06c-76bc-b1ddd0d406be,41627,454,0,
1767,e9a6f50c-7c59-45f1-a8dd-fad60d10a9c3,51540,454,1,
1768,409cc848-a1ce-455e-5feb-b36ca48c6cf5,47489,454,0,
1769,42b9a7d4-bef7-0a78-1618-160c750146c3,16999,455,0,
1770,92fba5c6-dfa5-6427-9c2d-bcd37cf4d87d,15679,455,0,
1771,cb26cff0-1a80-0092-913f-d0e18f27099f,36609,455,0,
1772,75392cbd-79d7-a4a0-fad7-b1394ad03af0,76846,455,1,
1773,7c699abf-a486-6132-f9b7-41765524e9ff,16999,456,0,
1774,d95a2e98-8b5f-33a0-2054-567351b67f9d,15679,456,0,
1775,b5d218d9-3b0f-4d09-84b5-c83eb0107367,36609,456,0,
1776,7d234abc-de3d-21bd-00b4-dac132692fe5,76846,456,1,
1777,06335ee7-718d-e47d-485a-5f51647ae903,16999,457,0,
1778,20208e75-4495-f68c-8024-4264a485111b,15679,457,1,
1779,1a5c96c4-b8e7-695f-3185-48335c0935e7,36609,457,0,
1780,f2a81ca1-6ecf-b267-1490-8f15a28d607c,76846,457,1,
1781,b3fb3af9-5a88-4742-9028-d6dcdf2cab7e,16999,458,0,
1782,de653a12-4528-3afb-498a-173e6a77537d,15679,458,1,
1783,c7142cdc-cb4e-7ecd-cec1-f6c3432b81ed,36609,458,0,
1784,370e2c4e-3215-90f5-7be7-bdb840c0b58d,76846,458,1,
1785,bcc17604-e406-e09b-7ca8-4f1ea58554a5,16999,459,0,
1786,2f6d7bed-6150-b084-0fcb-7ceae5fb0685,15679,459,0,
1787,58f80cce-730b-5886-647b-7256297259dc,36609,459,1,
1788,c030b912-6aa3-6c99-62cb-77731dd83578,76846,459,1,
1789,eec5c2be-6fa9-540f-64ab-6958a8b008fb,16999,460,0,
1790,3c38876c-ed18-6128-ade7-bb7ace774490,15679,460,1,
1791,6bcd6804-5bee-a6be-9e1d-f13a5d35ae15,36609,460,0,
1792,51c787f0-7fa0-8d9b-8d83-42044bacb250,76846,460,1,
1793,a428a10f-5aff-94d4-cd72-1312482ecbd7,16999,461,0,
1794,dd076aa5-3f49-7134-2ce3-2ffc9c27a90f,15679,461,1,
1795,0d7519e2-63c1-01d3-13cb-a2a9c1507ed0,36609,461,0,
1796,8b3b73ac-dc00-d09a-9347-c84eb8aed5fb,76846,461,1,
1797,b2201b12-37c9-0d47-0b50-48b5f62162e7,16999,462,0,
1798,2ee55704-3a79-4522-0f97-8c3b7660bb81,15679,462,1,
1799,d8696d84-a24f-572d-e61b-c132d17e5e43,36609,462,0,
1800,d1fbc7db-f178-776c-6c62-ccded84dfa52,76846,462,1,
1801,822d682e-661b-97c4-0527-8a591836c85e,16999,463,0,
1802,ae3e7bce-f3bd-59e4-4ff1-c17db9fcbbbd,15679,463,0,
1803,5d51a363-65fb-c2b3-ba4a-8ebec230fec4,36609,463,1,
1804,7b95f69c-e7cf-286f-5e88-3d16a7bf2572,76846,463,0,
1805,daa95e9f-9db2-9f50-d0f9-5790f5ba950c,16999,464,0,
1806,302c6a57-35c3-db07-2217-ecc9969235de,15679,464,0,
1807,23fc0bb0-43f0-bee6-e566-9e796da340c4,36609,464,1,
1808,62af4af7-dca3-34ac-3f62-ac7d3da5bbef,76846,464,0,
1809,565e8114-abfa-fa97-5ec3-081b8c6ac588,16999,465,0,
1810,90ff39f1-6f6b-f662-29ee-19d1018648b9,15679,465,1,
1811,30d9442a-0ff1-fb30-3327-d2e386f98f05,36609,465,0,
1812,2ce42451-378f-96e0-b3a5-fbf0ff64f70d,76846,465,0,
1813,d56010bf-9ecd-2c51-bfd6-a81e31a4c762,36926,466,0,
1814,8cd0cf07-b1b0-0479-13b4-03b74e0f1298,81289,466,1,
1815,3a2f6d93-610a-284e-8368-ed9918bea043,81354,466,0,
1816,fb90ccc1-6e02-f2d8-f0b1-23ec800bcb5e,81355,466,0,
1817,d802b2f9-c49b-4605-3c00-10af8a41f8e0,36926,467,0,
1818,49f814b2-f6cd-819b-99d3-3ac25b8146b8,81289,467,1,
1819,e296c897-52e8-deb5-7e59-d497fd760e26,81354,467,1,
1820,c7a08dfc-f2c3-e657-3e4f-1cf58f76dad5,81355,467,0,
1821,b21eb7e9-7174-6a34-07d1-85873fbd2309,36926,468,0,
1822,712b6e66-f644-ea20-dc96-6eae8825e19c,81289,468,1,
1823,e3653402-9bb6-aeff-6465-bcb109f0b0f9,81354,468,0,
1824,b6f3e5da-e854-563c-b70f-f82c3ebcf067,81355,468,0,
1825,1db914a9-2aaf-fe74-d683-ecd5a16ec3a2,36926,469,0,
1826,f71ea51f-29a5-80e9-d5ec-9a056f23b0cb,81289,469,1,
1827,60a825c4-1f99-a5c1-436a-a9f83e63d71a,81354,469,0,
1828,a313f53c-23c1-33be-7ff8-ffc8e2250b5e,81355,469,0,
1829,9478c46d-a053-37c7-037d-c82d76df4786,36926,470,2,
1830,cb3f94f6-79d2-6f5a-cf62-b54eaf0fa9e3,81289,470,2,
1831,c0325aea-12cb-af90-242e-196acc96779e,81354,470,2,
1832,120f8b70-060c-0543-5309-d1b53cb2b358,81355,470,2,
1833,888ddb18-ed90-b08e-b7df-d7364406a068,36926,471,2,
1834,1df071ee-6142-59fc-9359-b7c05201a43d,81289,471,2,
1835,a51e5030-506e-18c3-35d8-adcbc1209b17,81354,471,2,
1836,a73aa111-7b5d-38af-32cf-2645a9816107,81355,471,2,
1837,02a6cf95-f3c8-9061-2aa9-f2a70d064b05,19560,472,0,
1838,87b18ade-c297-9dd0-28ea-c058d209eb0c,83824,472,1,
1839,9f67deb0-da1c-7054-c8bf-fb755e579803,83825,472,0,
1840,a48403bf-b597-ee69-26be-36f58fb10672,83778,472,1,
1841,0d173e2c-ad88-10df-1ec4-eebd94650763,19560,473,0,
1842,deeeefcb-f785-194a-f555-c7cafabbe07e,83824,473,1,
1843,19546e79-6eff-66a9-c36e-796088a4376c,83825,473,0,
1844,8f73d1b1-f718-ee79-8d82-da864465ff43,83778,473,1,
1845,10b96d02-6ada-338b-b8c1-c27926a2b3bf,19560,474,0,
1846,88dabe82-9582-7725-601c-1a01d5b316d8,83824,474,1,
1847,2107b03b-2518-47d7-650e-0157d263f03f,83825,474,0,
1848,d47f493b-0aba-b350-3e72-74f01192a64c,83778,474,1,
1849,b8f23054-0275-3019-db5c-227511bceb7c,19560,475,0,
1850,73d9e96b-2d81-4a90-67f0-7c8228e6f0c3,83824,475,1,
1851,a1ee276c-1132-1314-03a7-0ad3cbde8f7c,83825,475,0,
1852,f9c8deb4-7801-fbcb-b7b9-63fabc71807e,83778,475,1,
1853,0aa66b70-cb56-2aa9-acc4-a5ea20a69851,19560,476,0,
1854,312af501-0316-0712-dc69-2587fc11f054,83824,476,1,
1855,e7f30885-5d27-b404-e712-1f8a18f32587,83825,476,0,
1856,f2e5391f-cd42-a0b9-2c29-084599e8074e,83778,476,1,
1865,abdf95f8-ebc9-1e8e-42a6-ad8bf5254de5,19560,479,0,
1866,5e2ab110-9abf-b33b-3213-f41a8f56e189,83824,479,1,
1867,2a61acfc-29db-a9a5-9c48-abe206e7b878,83825,479,1,
1868,4d3a7143-d97e-ca59-9d45-16f6df70f3f4,83778,479,1,
1877,d6e32566-8fb8-3e32-eb17-7a04c478d0fb,19560,482,0,
1878,166fa08a-a68f-8744-05c4-7be19aaa48df,83824,482,1,
1879,75606b00-b09d-7339-adeb-d4b470b4f7fe,83825,482,1,
1880,0f353843-1eba-a9c8-feaf-e10065323c75,83778,482,1,
1881,5ab2d8a5-f88c-e23e-4271-e759ad5d373f,19560,483,0,
1882,2267697d-553a-ed8f-ab0b-142d360faa1e,83824,483,1,
1883,78fd49d1-3872-4347-6a47-bd17f34f5efb,83825,483,1,
1884,629591d6-a73a-df40-9156-e1b243066bd1,83778,483,1,
1885,0d2dc346-864d-a773-7f4d-83e2962adff1,19560,484,0,
1886,c299fb47-0d74-7bfa-3119-d05d9f078b72,83824,484,1,
1887,f6f35141-0a4f-9fc5-e539-7b8b705d4e7f,83825,484,1,
1888,26fea05f-5a6c-8c1a-e5ad-89a711d5c37e,83778,484,1,
1889,86c9725f-5dba-76be-735b-6e35969e25cf,19560,485,0,
1890,c8f1ecb1-ca20-4cb2-2b54-e0d35733138c,83824,485,1,
1891,46bdab5a-a145-f310-ade8-51154621a2bb,83825,485,1,
1892,bfbad059-6caf-f70d-472a-4cd6df7386b3,83778,485,1,
1893,c365303a-7d14-a0dd-c379-09fc8cc761c5,19560,486,0,
1894,e645f563-a6fa-2732-23e6-fce6cd7ef2f9,83824,486,0,
1895,9c5aed9a-b84a-8dbd-4646-5e696fb9b9b7,83825,486,0,
1896,9a93ba2c-b7df-e05f-3ba9-c2cb69f48968,83778,486,1,
1897,2341b5a3-890d-4f86-1167-7fe5f73755c8,19560,487,0,
1898,b2431d05-5e6a-6cf6-819c-3627986e9ca6,83824,487,0,
1899,03bdc915-87f2-adc7-cf64-7a8465eab8ce,83825,487,0,
1900,96367699-e891-9418-3d89-761ef87ef61d,83778,487,1,
1901,28f3adfb-d4d8-3234-f16d-8e75aa44314f,19560,488,0,
1902,8a751ced-c049-14f3-9665-e75461e6c4e2,83824,488,0,
1903,16f27d35-7d3c-3cdd-92d5-22d599b45d15,83825,488,0,
1904,ea1ac684-63b9-031f-3b8a-8cd9055a2365,83778,488,1,
1905,33d6c94a-35b5-8043-e4df-ea8f6eeafbf5,19560,489,0,
1906,bd17bf5b-ba48-ce5b-3a19-ea540568c14d,83824,489,0,
1907,286663fb-c648-c69c-093e-d2c6016e892c,83825,489,0,
1908,6cd004df-4453-e287-7312-8ed10cd2cec3,83778,489,1,
1909,e17d4e82-2143-b0cf-2694-f7d974043aed,36926,490,0,
1910,e08fffa2-2793-2e19-e6a0-ce3e78ea981f,81289,490,1,
1911,73c1f7a6-3da6-ef0d-c097-0ba55bd909b3,81354,490,1,
1912,beafd12d-40b7-efc4-e4d2-5467eae0828d,81355,490,0,
1913,919432b1-d064-6c2b-b5db-14e3979cf360,36926,491,0,
1914,5b8181d2-a323-bedf-63a2-12d84fcc1af5,81289,491,1,
1915,6616590e-86e6-0aff-1e69-723fbc6d6d39,81354,491,1,
1916,276de54c-8fb1-de3c-2aad-188957f332fb,81355,491,0,
1917,c096c0e4-3f5d-f8da-b27b-c673072d120a,36926,492,0,
1918,f0c2e38f-fa28-5265-fd23-c59d930ebc87,81289,492,1,
1919,e648fd75-bd80-85b0-4f1a-f578f3be42b2,81354,492,1,
1920,7bcf7689-226b-25a0-82bc-9cca2a11556e,81355,492,0,
1921,69d2c69b-385f-342f-a027-63e56aeb048b,36926,493,0,
1922,896fecb2-9a3c-b472-b0d7-beb67fa7d597,81289,493,0,
1923,0dc7c982-b265-33d3-dbab-85b3187fd1e3,81354,493,0,
1924,d89f6d19-92f5-b4c0-1954-579c27123951,81355,493,1,
1925,2c903654-ead5-e3db-054d-a760cce0c73c,36926,494,0,
1926,48f00c62-6da6-3709-6b24-1c7caff9eaed,81289,494,0,
1927,5fe34f43-fddc-6ee6-0b5b-f4a2b6639b44,81354,494,0,
1928,3c047d7b-ba2e-a648-520e-42ce67483d74,81355,494,,Exclusively sold on Amazon.co.uk
1933,a920c568-a08b-2b1b-6cac-25ed0f1ff30c,28552,496,0,
1934,06389adb-33c7-713c-a8bb-bb84901dd1e7,53012,496,1,
1935,44e17c4a-2e3d-081e-3cdb-435a43e30346,53011,496,1,
1936,455488d2-9847-4fd4-ef1d-92ec9b8d3de6,83888,496,1,
1937,783056a2-ada1-75b8-ea76-63eab6466cc4,83887,496,0,
1938,7b77b249-0583-1078-0fc4-9458474a08f5,83886,496,1,
1939,34438270-025e-ca22-f800-b78b8a4a30b4,83889,496,0,
1940,59fe3d94-39c1-ecd8-4179-55b7166ce9a0,28552,497,0,
1941,51a69300-5252-b1c1-809c-3e9ac9765771,53012,497,0,
1942,f6f529d5-0942-4cb7-277d-2821a139c27c,53011,497,1,
1943,bda05d2d-a9ea-b707-2122-862a555b62bd,83888,497,1,
1944,5acb2769-f54b-3485-504a-572cd4bcfd7f,83887,497,0,
1945,1715a045-7232-47b7-fcd4-fb1f12d02a4c,83886,497,0,
1946,6b20ce10-a1b4-d173-46d2-bba8d524c4fc,83889,497,0,
1947,83be2294-000d-292d-6411-85310b22c885,28552,498,0,
1948,1b2325bc-97b9-81a6-0fe3-54304cbefa9e,53012,498,1,
1949,8811c8e7-8d06-79a0-8b90-45fee3d81f49,53011,498,0,
1950,1dfb8539-9a3d-f1f9-2637-a0c19966a0aa,83888,498,1,
1951,042fe3b3-1a81-dd74-d4e6-79eae6394229,83887,498,1,
1952,208b9c1f-fcbf-b7d0-45a7-93433f973b14,83886,498,1,
1953,70ab22a3-34a6-c906-7fb8-d13c320d2213,83889,498,0,
1954,988a4a43-6bec-d9d2-f66f-169b4d7cbed7,28552,499,0,
1955,b08cae7d-4910-048c-6376-67d2adac8492,53012,499,1,
1956,bfa68844-b394-6bb9-6160-467c68536fe3,53011,499,0,
1957,d3cba9aa-5fc7-ee07-1cb0-deb8effda460,83888,499,1,
1958,218c0917-fbfe-8dca-cfea-e5dd4063f13f,83887,499,0,
1959,95b5fcdd-8acd-f7e0-7b72-b0f3f6afbfc0,83886,499,1,
1960,c8409fc1-d30c-247d-8aa9-2612430e029f,83889,499,0,
1961,06ab7c78-0082-be7e-fdb3-24deb234e006,28552,500,0,
1962,adb5c8d1-0093-d577-90fc-53c4ea6c9e97,53012,500,0,
1963,93fcf940-9b1f-01e1-1750-eeeb60100a48,53011,500,0,
1964,ac7750df-cecf-ce4a-c2a3-7a30460b6185,83888,500,1,
1965,cac350b1-0961-a9fa-3160-4eddab55787c,83887,500,1,
1966,76c371df-dd04-5eb1-5642-e1b0a4cee7bb,83886,500,1,
1967,49355bfb-9675-560d-75be-730e1e937052,83889,500,0,
1968,a269bc19-0f56-3bb7-aaa5-635e317e7e0c,28552,501,0,
1969,bdf6bbe7-a26b-70bb-2d91-a93a329928e2,53012,501,0,
1970,2c7ba3e3-4768-6ba5-c70f-a4c917b83141,53011,501,0,
1971,a6aaad9a-dfbb-e475-3050-52566c9df161,83888,501,0,
1972,42a9b167-7612-c20a-022f-80288ca513da,83887,501,0,
1973,9d7091c3-6f34-34a7-e368-11a0e6462b45,83886,501,1,
1974,acb40405-e855-3fd3-0876-9a2e76d7ead4,83889,501,0,
1975,237aefde-bdf8-0a1f-aa17-b493bfbfa3e5,28552,502,0,
1976,eec5eefd-497c-b24f-0f6e-2201a1e4a629,53012,502,0,
1977,5c59ba7b-3b7b-1da4-edd9-a1958067c933,53011,502,0,
1978,4cb24325-6384-c9ac-4883-88b85c41a2d4,83888,502,1,
1979,f7b8fa2b-7977-5d10-04d0-58a649eaf87a,83887,502,0,
1980,d37bf477-5fb3-249d-e459-73b2e0e92bf5,83886,502,0,
1981,0fbdb904-0094-a360-fb05-3c9f21df9055,83889,502,0,
1982,5ea992c3-6fd5-bcb9-76d8-ae61ed50edae,28552,503,2,
1983,74eacd56-d0fa-62ab-a961-df386c4cd140,53012,503,2,
1984,c76d6af4-5a67-bb05-9604-04a771246b5a,53011,503,2,
1985,f461a683-0e6d-25c8-4662-2f4cbe702467,83888,503,2,
1986,1c002398-382f-db6c-8012-542538965e2c,83887,503,0,
1987,612d4e1b-a3b2-60e4-680a-064c0837f71e,83886,503,2,
1988,c3124f03-41d2-7645-6ae7-c63bfde36641,83889,503,2,
1989,75ac1494-60d3-461b-0c2e-ff13697f8d47,28552,504,0,
1990,75b671b6-112a-30fb-0109-dbd4b344eb13,53012,504,0,
1991,f9cd4597-dcf5-e882-5df5-e0d02599f806,53011,504,0,
1992,30440d83-bf00-ecd9-8c33-474454f56a85,83888,504,0,
1993,75a33997-db24-90ba-b3fc-957b03117b6b,83887,504,0,
1994,db682a69-51b5-40cd-a22f-f0ed3f75a719,83886,504,0,
1995,7963e4c0-63ad-ae65-2ed3-e5b2c28ce943,83889,504,1,
1996,03aed3bc-8145-5daa-40ea-478329082ece,28552,505,0,
1997,7cef024a-0a9d-0895-6065-a708f8dd02e6,53012,505,0,
1998,1323e339-0c5a-8ed5-ae18-7b15aa440ae6,53011,505,0,
1999,e2a21eee-e536-6c85-9d62-c0200c44107b,83888,505,0,
2000,2bd7f149-1d91-5755-7307-42801f42752a,83887,505,0,
2001,cd7b11cc-fa39-c5bb-1afa-e45dea95b37f,83886,505,0,
2002,8dccdee6-97ed-ad0d-e52f-f3997946b63a,83889,505,1,
2003,72824aa1-b37c-9b8c-b807-d070936d6002,28552,506,0,
2004,57c1be7b-2bf7-851d-c112-33f947e8e075,53012,506,0,
2005,e5b5c97b-5de1-6542-f6d8-58ac0bc4b9dc,53011,506,0,
2006,28bfab5b-ca9b-548e-2253-085de7f83043,83888,506,0,
2007,a16be389-9055-ffcc-e342-7e1ebf2115bc,83887,506,1,
2008,f6e82113-23fe-a7cc-eb84-2e24b0567836,83886,506,0,
2009,dcfc9590-111e-8317-1c80-4563a17f3124,83889,506,0,
2010,fc330ce3-a29d-e308-ea90-203da5af523c,28552,507,0,
2011,d183044a-5eb3-ea2c-27e7-a4d3de9eae5f,53012,507,0,
2012,d079b9af-ae37-f15f-351c-69395ce9a780,53011,507,0,
2013,e3ccc184-cb62-fa56-6d08-d9626ef6519f,83888,507,0,
2014,9b442872-c3dc-1b53-6b80-3cf1e4965d85,83887,507,1,
2015,d67651cb-13c3-0b11-d09d-25ec7512ce23,83886,507,0,
2016,ed97a197-397c-96d9-2ea1-eeb7655181d4,83889,507,0,
2017,eac7590f-d175-e44c-b2ef-504595c32ec5,28552,508,0,
2018,e799fcd3-42dc-5ebc-129f-f61b27036991,53012,508,0,
2019,32e84ea2-07ec-a5de-6920-ffaca6bca906,53011,508,0,
2020,2d9c91e8-f81b-71a8-f814-e8ab35aee5c4,83888,508,0,
2021,2fdb5465-639d-5bf7-0ac4-e6243e4ea0dd,83887,508,1,
2022,5f8f8432-e043-5197-5fa9-4e3d58f22fdb,83886,508,0,
2023,1c4ede77-99eb-d1d2-13f6-dcb0c1216001,83889,508,0,
2024,a0c7d7fd-e936-48fd-d566-2a092c386787,28552,509,0,
2025,ff1a3a46-096c-869d-ec1e-6cd726468f36,53012,509,0,
2026,79bd00fe-06df-689c-f01c-b07e386c1161,53011,509,0,
2027,e2e62968-5c34-cb98-5051-85ae7f3cd92e,83888,509,0,
2028,0a9c871d-3ec4-a1ce-a09a-a30fc3be217f,83887,509,1,
2029,922c2fee-6a25-ab5a-9e8e-1303d1436db9,83886,509,0,
2030,475b2e9a-b6b7-41c9-1b48-63a0867a8f9b,83889,509,0,
2031,7eca9ce4-2be7-1e34-5a73-ce6cdf9edd68,28552,510,0,
2032,d8bfe4d3-d310-17a8-8597-e7c738d7be1d,53012,510,0,
2033,f06f0a8d-e411-8074-bfa8-8dede2e4b299,53011,510,0,
2034,550d9de2-a532-cd84-e199-88bfb3573702,83888,510,0,
2035,adba9007-99c3-91c9-e39a-2286fdf048ab,83887,510,,Exclusively available on GameStop.
2036,12bb9717-4436-0313-f0c0-353f3f64e96a,83886,510,0,
2037,ac744824-4f25-c053-f54d-ef65aa3c7756,83889,510,0,
2038,b6ee0ccf-72f8-33fa-5caa-424265fd6a7f,37777,511,1,
2039,615c1af0-2857-979e-6543-9fa770c8762a,99122,511,1,
2040,c560cde5-0e23-27ce-4d69-7ab7d8610b01,99230,511,1,
2041,0d51a690-f129-6acf-9703-581756e82a72,99229,511,1,
2042,769b7feb-f7ac-6120-cca0-955d4039c7e5,99121,511,1,
2043,2e595d6a-e608-e1d5-eb80-6e4f1f9e9109,99123,511,1,
2050,d533d464-b40f-1b90-669d-3b4f90bc5ead,37777,513,1,
2051,0b9bd082-ef7c-772f-2867-cedf164faebb,99122,513,1,
2052,8ce36eba-695b-3d2a-6d0e-d4aa4fd5fa8e,99230,513,1,
2053,e79099bb-ffaa-400b-7135-106773f91d1d,99229,513,1,
2054,356986f2-f9fb-636b-a17a-43df682f4b65,99121,513,1,
2055,170f70be-4242-d41a-1cb4-e3f611961d04,99123,513,1,
2056,dc6c33ee-8bf7-e595-b086-0484562b0097,37777,514,1,
2057,171e4e7b-9323-654d-b5a3-e9343aac219d,99122,514,1,
2058,2570802f-f35c-7845-6f64-a2e556fd4081,99230,514,0,
2059,0163d480-65b2-a83c-02cc-f9ef4b3ee06e,99229,514,1,
2060,c4a61280-232d-96d4-6e41-80d8571461f0,99121,514,0,
2061,f9e06b90-57bd-abd6-392d-035aee10e778,99123,514,1,
2062,75cbd5d4-0ef9-0973-5d7b-fdbeda4b1d1b,37777,515,2,
2063,45b8bf7b-94e9-5106-458c-6716e70af3a1,99122,515,2,
2064,11be0dd9-eeb7-cdf5-2909-715e21c12d1d,99230,515,2,
2065,86ff2b4d-c830-6a7f-604b-17e94ea67238,99229,515,2,
2066,785ed319-3975-7c9b-fbf2-7c3d80bd4dc5,99121,515,2,
2067,ff4fbd7d-e458-9be1-4362-3d1367365f62,99123,515,2,
2068,f04b132c-097d-dc45-2f03-8dc185d4650c,37777,516,0,
2069,87a30e44-e36a-695b-e1c0-1ba7f25b617d,99122,516,0,
2070,4fa93e78-63ac-e24d-52b5-ef250ebc6334,99230,516,0,
2071,e430cc44-2327-b381-0115-908fed83d540,99229,516,2,
2072,75133f31-8341-b89c-bf20-5e66d40d09b8,99121,516,2,
2073,fe7af9e1-94d9-57a0-dc3a-4d64035f5cc1,99123,516,0,
2074,1e6ca8b4-cf64-349d-35ee-a35b7c85dc5f,37777,517,0,
2075,5936925b-600c-ee4a-4d80-fe199515208d,99122,517,0,
2076,1172355b-7954-2797-7845-a98a01142482,99230,517,0,
2077,781806de-6f71-1fa4-544e-42eae1b4bd83,99229,517,0,
2078,17aaab99-7a52-b27e-15ea-53277a68a5e5,99121,517,0,
2079,8447efce-5efb-0cd5-e75e-ec8d5356324e,99123,517,1,
2080,1d09c952-db9f-6d7f-a7ba-a64b10fe0e11,37777,518,0,
2081,63274e5c-b8a2-410c-39bb-8e852a254d02,99122,518,0,
2082,a7f49692-847b-f5e2-5672-3e0a876b85c0,99230,518,0,
2083,7f7a0639-a3b5-c306-125a-39958549780a,99229,518,0,
2084,faf0dd83-6c49-9bd7-f9b4-d81da82ed1b6,99121,518,0,
2085,d51d03f2-8e41-9174-f3a4-6fbe069584e0,99123,518,1,
2086,6a20763a-1716-d50f-2893-b52c2c40d484,37777,519,0,
2087,21dd11d4-84b3-07ab-bbc9-866d3c432f5f,99122,519,0,
2088,0f5a292e-0165-37e8-0bf2-0c97639f6000,99230,519,0,
2089,1fcb7cf3-9b26-f5de-c014-d0fe0aa6ee21,99229,519,0,
2090,e93b40b8-5f6b-6633-c634-a00b3acf3ce0,99121,519,0,
2091,c66e0300-2e22-df5b-1397-c4f1f54cdfaa,99123,519,1,
2092,b42d9ef1-7040-2f81-2671-864be89e4978,37777,520,0,
2093,7de5fc16-f124-f1f1-3459-c9ca4628a950,99122,520,0,
2094,7dba37d6-16b3-4a01-85f5-b83616d84a98,99230,520,1,
2095,3f934aab-1790-db98-141c-7c66a0bafaa5,99229,520,0,
2096,5c8ce501-c7d5-03c3-8b9d-6e62760bc163,99121,520,0,
2097,2739f099-cdbd-809b-f2da-263531fdf2e6,99123,520,0,
2098,07426d3d-2e90-1e0e-1562-3761dc3a2c9f,37777,521,0,
2099,e802bd4d-a12f-2a43-fad7-308804f17cc5,99122,521,0,
2100,4e7b05fc-af60-0297-6f76-28933d6dbe02,99230,521,1,
2101,4e5238c4-a890-82dc-b894-205a7ae1a094,99229,521,0,
2102,5105315e-ec6f-e018-8ba4-e82f784c4135,99121,521,0,
2103,0d3d34fb-9092-3c10-3f8e-a089e75ed263,99123,521,0,
2104,9db72d39-b2bb-29ce-e795-925c70c82a45,106764,253,1,
2105,30345dd6-34a3-4d1c-a70c-c307115648e8,106764,269,0,
2106,756adf8c-f7d9-af34-9ea8-9300d83f725b,106764,254,1,
2107,f1d84c93-08de-6f5a-44f8-b6a43bc57b6c,106764,255,1,
2108,0677a3a6-c95e-9e0e-6e8d-bfe510bd325e,106764,256,1,
2109,36651287-d185-188d-28ff-569046a9558b,106764,262,0,
2110,00e9fb17-31ee-2ecc-072b-ce874130b157,106764,257,0,
2111,d418036a-264e-d949-6b16-05d1b551b14e,106764,258,0,
2112,385e7448-4793-f74b-8fe9-c4aaf1aacf59,106764,259,0,
2113,b495949b-b928-cab1-9134-0bc153290671,106764,260,0,
2114,0cf62a69-f2d4-e37b-9a7d-fa6743eaac7b,106764,261,0,
2115,8ec42bd9-4e4a-f1fe-4090-4503da88f4cf,106764,263,0,
2116,8b27bc09-483a-a626-e00d-88c89b505e57,106764,264,0,
2117,bc8404c6-30af-ae9f-f0d5-8ae5a8e4fa53,106764,265,0,
2118,4f17f3d7-1b2b-cd6a-6c4e-b755a61d2432,106764,266,0,
2119,e353e80c-ae74-1b8e-8beb-c30cf1131faf,106764,267,0,
2120,8a9d09f1-e4fe-d6ed-2feb-6a912391732b,106764,268,0,
2154,d257f647-5899-a6e0-fca6-516809965ba1,5116,555,0,
2155,2eb547da-7c57-147e-1bdd-9d9b8dcc3eac,193391,555,1,
2156,bc29ab0a-9945-f712-2de9-752bb23c3524,5116,556,0,
2157,507e55ed-c9ac-19c6-da91-5000ce3e51cb,193391,556,1,
2187,cb8b62ad-0c63-a6dc-82f8-d05778e624d8,5606,588,0,
2188,9bd9391c-3b0d-7720-c199-0ff2819fdf15,136262,588,0,
2189,b401613e-d13d-f1d9-2c82-9922229d987b,42910,588,1,
2193,dd4d5bbc-1328-cefd-a7f3-5334867aeb08,5606,590,0,
2194,8adc0285-fab0-acd7-b3da-858e27f04879,136262,590,0,
2195,75028cc4-110d-156a-1c21-7ba621c6bbb8,42910,590,1,
2196,3a14a626-350b-9952-642c-404349267a1b,5606,591,0,
2197,1c26cb1c-0fe0-8cc6-cda9-a959056af899,136262,591,0,
2198,e9b8a638-e8ca-9dcd-cec0-9c7c61396818,42910,591,1,
2199,9e516bb4-0b54-7f94-f0c8-6c93abfafda1,5606,592,0,
2200,a6d23815-04c3-e583-7e82-7a7cfc4bdd21,136262,592,1,
2201,316da699-6e45-005d-d510-5f66eb8ba3b0,42910,592,1,
2202,2b0ea220-2046-aafb-45de-46b1df8c863a,5606,593,0,
2203,e85eab15-f8a4-46b9-f2ad-9246df0eae23,136262,593,0,
2204,27b3df7f-f3c5-2e45-2c9c-51aa2bcf9058,42910,593,1,
2205,7a635075-21cf-5ba4-c2eb-c9985f3e6247,230498,588,1,
2206,e87e47a0-fc22-9e10-9981-3bf70fedcfd2,230498,593,0,
2207,575ce26d-d01b-22ae-ee52-e6bc68c0f3c5,230498,592,1,
2208,5d11ca8d-a3f0-d461-bc12-7829eb54f903,230498,591,1,
2209,e088e711-f29b-3e8a-9db0-ac0ccbc3e3e8,230498,590,0,
2210,4eab5459-03c9-fa85-5d90-336563f30849,8263,594,0,
2211,f1da6e74-4a33-b165-78b7-b0ab55b99c27,52626,594,1,
2212,6026e159-d956-533e-74dc-e57b148b7710,230499,594,0,
2213,6313f0d5-91f2-cea4-f2fc-d2fb0745961c,41612,594,0,
2214,bece7192-6ecd-76db-4e09-53d368ab9fb1,135965,594,0,
2215,b7f006bd-4b87-3c20-07f6-e25d4f1543ad,8263,595,0,
2216,6af1211e-cedf-658c-b977-b006f2437384,52626,595,0,
2217,8f7201ac-5f97-13fa-9de7-bb9f881fdd61,230499,595,1,
2218,81256da5-62b4-b03b-07dd-df4de074ea8b,41612,595,1,
2219,ebbe162a-a702-0ded-b051-8b2ad774fdce,135965,595,0,
2220,7519f5a9-6f3b-edc8-f933-62c9bc044daf,8263,596,0,
2221,39cd51bd-9189-5a2e-2290-c0b0ebf40f2e,52626,596,0,
2222,92ac8f84-d529-02de-6238-e2076d5e2b1a,230499,596,1,
2223,d13a7277-0cef-0ac1-9690-6b3902a69e26,41612,596,1,
2224,4e16bca8-bf47-58c2-9066-09a99eb15fb6,135965,596,0,
2225,74b961e9-df3f-4fe9-7a6b-d62498cc5152,8263,597,0,
2226,34e4230d-f2f7-e557-ec88-060ae430c8c1,52626,597,0,
2227,d04a3063-8d5f-7078-2909-b0ceadbb12c7,230499,597,1,
2228,0d336222-64ac-4230-30f1-0a134dec6ed4,41612,597,1,
2229,61e78c44-9017-b11f-a8e5-f8ccf02999b5,135965,597,0,
2230,22788351-b501-2a9d-0c3a-c7b914d8a3f0,8263,598,0,
2231,d3596b37-0d9d-c4ae-0d49-adfcaf17011f,52626,598,0,
2232,acc68b29-4659-6590-7e2d-8d88aeedb0f3,230499,598,0,
2233,a13da407-1b7b-0eec-f78d-9f03ea24697d,41612,598,1,
2234,ef8b85df-a119-2e34-b10f-3a6b58474425,135965,598,0,
2235,202bb072-e7f4-bf7c-77a9-5d31e1d8ac02,8263,599,0,
2236,511ae464-3a63-82f1-f3dd-bd3660451f54,52626,599,0,
2237,8bb12a0c-5031-bba9-4a6d-01560355bf47,230499,599,0,
2238,ef1161ea-2e16-c36d-4a1d-c5dc87154826,41612,599,0,
2239,99b54e26-6695-e66f-659f-8be2489e3d24,135965,599,0,
2240,444c4310-bdfe-578b-6a93-128f463c8a73,8263,600,0,
2241,184ef54d-ec4b-f143-2fa8-87b1cb60d5ef,52626,600,0,
2242,cd08c62b-301c-d578-40eb-d41feecb011f,230499,600,1,
2243,81a2fa81-7ae4-3e41-4fb0-217b74388ec3,41612,600,0,
2244,d1ffede0-607c-db3b-8543-f6b5251931a5,135965,600,0,
2245,e684803b-8df3-5533-e22e-b11e6e74f3ce,8263,601,0,
2246,a4e418c3-4640-495a-aae5-c9ace7a5d759,52626,601,0,
2247,25aedf76-cf79-a6ce-a732-357780fa684d,230499,601,0,
2248,155fbd73-9b02-eac5-7042-a34b434ee8f6,41612,601,0,
2249,57f1bdb9-4393-4cf8-71ac-e2a1cb98ad73,135965,601,0,
